date,quarter,department,day,team,targeted_productivity,smv,wip,over_time,incentive,idle_time,idle_men,no_of_style_change,no_of_workers,actual_productivity,has_ot,gap,prod_cat
2015-01-01,1,sewing,Thursday,8,0.8,26.16,1108.0,7080,98,0.0,0,0,59.0,0.940725424,True,0.140725424,4
2015-01-01,1,finishing,Thursday,1,0.75,3.94,0.0,960,0,0.0,0,0,8.0,0.8865,True,0.13649999999999995,3
2015-01-01,1,sewing,Thursday,11,0.8,11.41,968.0,3660,50,0.0,0,0,30.5,0.800570492,True,0.0005704919999999225,3
2015-01-01,1,sewing,Thursday,12,0.8,11.41,968.0,3660,50,0.0,0,0,30.5,0.800570492,True,0.0005704919999999225,3
2015-01-01,1,sewing,Thursday,6,0.8,25.9,1170.0,1920,50,0.0,0,0,56.0,0.800381944,True,0.0003819439999999119,3
2015-01-01,1,sewing,Thursday,7,0.8,25.9,984.0,6720,38,0.0,0,0,56.0,0.800125,True,0.00012499999999993072,3
2015-01-01,1,finishing,Thursday,2,0.75,3.94,0.0,960,0,0.0,0,0,8.0,0.755166667,True,0.005166667000000014,2
2015-01-01,1,sewing,Thursday,3,0.75,28.08,795.0,6900,45,0.0,0,0,57.5,0.753683478,True,0.003683478000000018,2
2015-01-01,1,sewing,Thursday,2,0.75,19.87,733.0,6000,34,0.0,0,0,55.0,0.753097531,True,0.0030975309999999867,2
2015-01-01,1,sewing,Thursday,1,0.75,28.08,681.0,6900,45,0.0,0,0,57.5,0.750427826,True,0.00042782600000002,2
2015-01-01,1,sewing,Thursday,9,0.7,28.08,872.0,6900,44,0.0,0,0,57.5,0.721126957,True,0.021126957000000002,2
2015-01-01,1,sewing,Thursday,10,0.75,19.31,578.0,6480,45,0.0,0,0,54.0,0.712205247,True,-0.037794753000000014,2
2015-01-01,1,sewing,Thursday,5,0.8,11.41,668.0,3660,50,0.0,0,0,30.5,0.707045902,True,-0.0929540980000001,2
2015-01-01,1,finishing,Thursday,10,0.65,3.94,0.0,960,0,0.0,0,0,8.0,0.705916667,True,0.055916666999999975,2
2015-01-01,1,finishing,Thursday,8,0.75,2.9,0.0,960,0,0.0,0,0,8.0,0.676666667,True,-0.073333333,1
2015-01-01,1,finishing,Thursday,4,0.75,3.94,0.0,2160,0,0.0,0,0,18.0,0.593055556,True,-0.15694444399999996,1
2015-01-01,1,finishing,Thursday,7,0.8,2.9,0.0,960,0,0.0,0,0,8.0,0.540729167,True,-0.2592708330000001,1
2015-01-01,1,sewing,Thursday,4,0.65,23.69,861.0,7200,0,0.0,0,0,60.0,0.52118,True,-0.12882000000000005,1
2015-01-01,1,finishing,Thursday,11,0.7,4.15,0.0,1440,0,0.0,0,0,12.0,0.436326389,True,-0.263673611,1
2015-01-03,1,finishing,Saturday,4,0.8,4.15,0.0,6600,0,0.0,0,0,20.0,0.988024691,True,0.18802469099999997,4
2015-01-03,1,finishing,Saturday,11,0.75,2.9,0.0,5640,0,0.0,0,0,17.0,0.987880435,True,0.237880435,4
2015-01-03,1,finishing,Saturday,9,0.8,4.15,0.0,960,0,0.0,0,0,8.0,0.956270833,True,0.156270833,4
2015-01-03,1,finishing,Saturday,3,0.75,3.94,0.0,1560,0,0.0,0,0,8.0,0.945277778,True,0.195277778,4
2015-01-03,1,finishing,Saturday,1,0.8,3.94,0.0,960,0,0.0,0,0,8.0,0.902916667,True,0.1029166669999999,4
2015-01-03,1,sewing,Saturday,1,0.8,28.08,772.0,6300,50,0.0,0,0,56.5,0.800725314,True,0.0007253139999999769,3
2015-01-03,1,sewing,Saturday,3,0.8,28.08,913.0,6540,50,0.0,0,0,54.5,0.800322936,True,0.0003229359999999959,3
2015-01-03,1,sewing,Saturday,8,0.8,26.16,1261.0,7080,50,0.0,0,0,59.0,0.800318644,True,0.00031864399999992354,3
2015-01-03,1,sewing,Saturday,12,0.8,26.16,844.0,7080,63,0.0,0,0,59.0,0.800318644,True,0.00031864399999992354,3
2015-01-03,1,sewing,Saturday,11,0.8,11.61,1005.0,7080,50,0.0,0,0,29.5,0.800237288,True,0.00023728800000000216,3
2015-01-03,1,sewing,Saturday,5,0.8,11.61,659.0,7080,50,0.0,0,0,31.5,0.800148649,True,0.0001486490000000007,3
2015-01-03,1,sewing,Saturday,6,0.8,25.9,1152.0,6720,50,0.0,0,0,56.0,0.800125,True,0.00012499999999993072,3
2015-01-03,1,sewing,Saturday,7,0.8,25.9,1138.0,6720,38,0.0,0,0,56.0,0.800125,True,0.00012499999999993072,3
2015-01-03,1,sewing,Saturday,10,0.75,19.31,610.0,6480,56,0.0,0,0,54.0,0.787299691,True,0.03729969099999997,2
2015-01-03,1,finishing,Saturday,2,0.8,4.15,0.0,960,0,0.0,0,0,8.0,0.782447917,True,-0.017552082999999996,2
2015-01-03,1,sewing,Saturday,2,0.75,19.87,944.0,6600,45,0.0,0,0,55.0,0.75024303,True,0.00024303000000003294,2
2015-01-03,1,finishing,Saturday,10,0.7,4.15,0.0,960,0,0.0,0,0,8.0,0.7018125,True,0.0018124999999999947,2
2015-01-03,1,sewing,Saturday,4,0.7,23.69,544.0,13800,0,0.0,0,0,60.0,0.700134038,True,0.000134038000000003,2
2015-01-03,1,sewing,Saturday,9,0.7,28.08,1072.0,6900,40,0.0,0,0,57.5,0.699965217,True,-3.478299999992718e-05,1
2015-01-03,1,finishing,Saturday,8,0.8,2.9,0.0,960,0,0.0,0,0,8.0,0.628333333,True,-0.171666667,1
2015-01-03,1,finishing,Saturday,7,0.8,3.94,0.0,960,0,0.0,0,0,8.0,0.6253125,True,-0.1746875,1
2015-01-04,1,finishing,Sunday,3,0.75,4.15,0.0,1560,0,0.0,0,0,8.0,0.991388889,True,0.241388889,4
2015-01-04,1,finishing,Sunday,9,0.8,3.94,0.0,960,0,0.0,0,0,8.0,0.931645833,True,0.131645833,4
2015-01-04,1,finishing,Sunday,1,0.8,3.94,0.0,960,0,0.0,0,0,8.0,0.915229167,True,0.11522916699999997,4
2015-01-04,1,sewing,Sunday,6,0.8,11.61,539.0,6975,50,0.0,0,0,31.0,0.879714482,True,0.07971448199999998,3
2015-01-04,1,finishing,Sunday,4,0.8,3.94,0.0,6600,0,0.0,0,0,20.0,0.861679012,True,0.06167901199999992,3
2015-01-04,1,sewing,Sunday,9,0.8,26.16,1278.0,7080,60,0.0,0,0,59.0,0.850569492,True,0.05056949199999994,3
2015-01-04,1,sewing,Sunday,7,0.8,25.9,1227.0,7020,60,0.0,0,0,56.5,0.850436438,True,0.05043643799999997,3
2015-01-04,1,sewing,Sunday,8,0.8,25.9,1039.0,6780,45,0.0,0,0,56.5,0.850345133,True,0.050345132999999986,3
2015-01-04,1,sewing,Sunday,4,0.8,28.08,878.0,4260,50,0.0,0,0,55.5,0.800598058,True,0.0005980579999999014,3
2015-01-04,1,sewing,Sunday,1,0.8,26.16,1033.0,7080,63,0.0,0,0,59.0,0.800318644,True,0.00031864399999992354,3
2015-01-04,1,sewing,Sunday,2,0.8,28.08,782.0,6660,50,0.0,0,0,55.5,0.800237838,True,0.00023783799999999022,3
2015-01-04,1,sewing,Sunday,12,0.8,11.61,1216.0,6975,50,0.0,0,0,31.0,0.800030199,True,3.0199000000008525e-05,3
2015-01-04,1,finishing,Sunday,2,0.8,3.94,0.0,960,0,0.0,0,0,8.0,0.792104167,True,-0.007895833000000074,2
2015-01-04,1,finishing,Sunday,10,0.7,3.94,0.0,4320,0,0.0,0,0,18.0,0.759228395,True,0.05922839499999999,2
2015-01-04,1,sewing,Sunday,11,0.75,19.31,513.0,6480,45,0.0,0,0,54.0,0.750348457,True,0.0003484569999999687,2
2015-01-04,1,sewing,Sunday,3,0.75,19.87,734.0,6600,45,0.0,0,0,55.0,0.75024303,True,0.00024303000000003294,2
2015-01-04,1,sewing,Sunday,10,0.7,28.08,1202.0,6900,40,0.0,0,0,57.5,0.699965217,True,-3.478299999992718e-05,1
2015-01-04,1,finishing,Sunday,8,0.8,2.9,0.0,960,0,0.0,0,0,8.0,0.682708333,True,-0.11729166700000004,1
2015-01-04,1,finishing,Sunday,7,0.8,2.9,0.0,960,0,0.0,0,0,8.0,0.667604167,True,-0.13239583300000002,1
2015-01-04,1,sewing,Sunday,5,0.7,45.67,884.0,6960,26,0.0,0,0,58.0,0.603432184,True,-0.09656781599999997,1
2015-01-04,1,finishing,Sunday,11,0.75,4.15,0.0,960,0,0.0,0,0,8.0,0.345833333,True,-0.404166667,1
2015-01-05,1,finishing,Monday,1,0.8,3.94,0.0,1920,0,0.0,0,0,8.0,0.961059028,True,0.16105902799999994,4
2015-01-05,1,finishing,Monday,11,0.8,3.94,0.0,2400,0,0.0,0,0,10.0,0.939513889,True,0.13951388899999995,4
2015-01-05,1,finishing,Monday,4,0.8,3.94,0.0,3840,0,0.0,0,0,16.0,0.893663194,True,0.093663194,3
2015-01-05,1,finishing,Monday,3,0.75,4.15,0.0,1920,0,0.0,0,0,8.0,0.875390625,True,0.12539062499999998,3
2015-01-05,1,sewing,Monday,9,0.8,26.16,1227.0,7080,75,0.0,0,0,59.0,0.850569492,True,0.05056949199999994,3
2015-01-05,1,finishing,Monday,9,0.8,2.9,0.0,1920,0,0.0,0,0,8.0,0.820833333,True,0.02083333300000001,3
2015-01-05,1,finishing,Monday,2,0.8,3.94,0.0,960,0,0.0,0,0,8.0,0.804416667,True,0.004416666999999985,3
2015-01-05,1,sewing,Monday,7,0.8,25.9,1255.0,6780,50,0.0,0,0,56.5,0.800684366,True,0.0006843659999999918,3
2015-01-05,1,sewing,Monday,8,0.8,25.9,1047.0,6780,38,0.0,0,0,56.5,0.800684366,True,0.0006843659999999918,3
2015-01-05,1,sewing,Monday,1,0.8,26.16,1138.0,7080,63,0.0,0,0,59.0,0.800318644,True,0.00031864399999992354,3
2015-01-05,1,sewing,Monday,11,0.8,19.31,678.0,4800,50,0.0,0,0,55.0,0.800250962,True,0.0002509619999999657,3
2015-01-05,1,sewing,Monday,6,0.8,11.61,712.0,7200,50,0.0,0,0,32.0,0.800246011,True,0.00024601099999999043,3
2015-01-05,1,sewing,Monday,12,0.8,11.61,1037.0,7200,50,0.0,0,0,32.0,0.800246011,True,0.00024601099999999043,3
2015-01-05,1,sewing,Monday,2,0.8,28.08,757.0,6900,50,0.0,0,0,57.5,0.800076522,True,7.652199999996778e-05,3
2015-01-05,1,sewing,Monday,4,0.8,28.08,759.0,6900,50,0.0,0,0,57.5,0.800076522,True,7.652199999996778e-05,3
2015-01-05,1,finishing,Monday,10,0.75,2.9,0.0,960,0,0.0,0,0,8.0,0.763375,True,0.013375000000000026,2
2015-01-05,1,finishing,Monday,5,0.6,2.9,0.0,960,0,0.0,0,0,8.0,0.759270833,True,0.159270833,2
2015-01-05,1,sewing,Monday,10,0.75,28.08,1083.0,7020,45,0.0,0,0,58.5,0.7504,True,0.00039999999999995595,2
2015-01-05,1,sewing,Monday,3,0.75,19.87,944.0,6600,45,0.0,0,0,55.0,0.75024303,True,0.00024303000000003294,2
2015-01-05,1,finishing,Monday,7,0.8,3.94,0.0,960,0,0.0,0,0,8.0,0.676666667,True,-0.12333333300000004,1
2015-01-05,1,finishing,Monday,8,0.8,2.9,0.0,960,0,0.0,0,0,8.0,0.664583333,True,-0.135416667,1
2015-01-05,1,sewing,Monday,5,0.6,21.98,666.0,6960,23,0.0,0,0,58.0,0.600028736,True,2.873599999997367e-05,1
2015-01-06,1,finishing,Tuesday,4,0.8,3.94,0.0,4440,0,0.0,0,0,18.0,0.966781346,True,0.16678134599999994,4
2015-01-06,1,finishing,Tuesday,1,0.8,3.94,0.0,1440,0,0.0,0,0,8.0,0.936496212,True,0.13649621199999995,4
2015-01-06,1,finishing,Tuesday,3,0.75,4.15,0.0,1800,0,0.0,0,0,10.0,0.899166667,True,0.14916666700000003,3
2015-01-06,1,finishing,Tuesday,11,0.8,4.15,0.0,2700,0,0.0,0,0,15.0,0.888686869,True,0.088686869,3
2015-01-06,1,finishing,Tuesday,9,0.8,3.94,0.0,1440,0,0.0,0,0,8.0,0.858143939,True,0.05814393899999992,3
2015-01-06,1,sewing,Tuesday,1,0.8,26.16,1187.0,10620,75,0.0,0,0,59.0,0.850502311,True,0.05050231099999991,3
2015-01-06,1,sewing,Tuesday,9,0.8,26.16,1305.0,10620,75,0.0,0,0,59.0,0.850502311,True,0.05050231099999991,3
2015-01-06,1,finishing,Tuesday,10,0.75,3.94,0.0,1440,0,0.0,0,0,8.0,0.809640152,True,0.059640151999999946,3
2015-01-06,1,finishing,Tuesday,2,0.8,3.94,0.0,1440,0,0.0,0,0,8.0,0.805909091,True,0.005909090999999922,3
2015-01-06,1,sewing,Tuesday,2,0.8,28.08,716.0,10350,50,0.0,0,0,57.5,0.800594466,True,0.0005944659999999047,3
2015-01-06,1,sewing,Tuesday,4,0.8,28.08,925.0,10350,50,0.0,0,0,57.5,0.800594466,True,0.0005944659999999047,3
2015-01-06,1,sewing,Tuesday,3,0.8,19.87,963.0,9900,50,0.0,0,0,55.0,0.800273829,True,0.0002738289999999477,3
2015-01-06,1,sewing,Tuesday,12,0.8,11.61,1101.0,5310,50,0.0,0,0,31.5,0.800140969,True,0.00014096899999993528,3
2015-01-06,1,sewing,Tuesday,7,0.8,25.9,1035.0,10170,38,0.0,0,0,56.5,0.800128721,True,0.0001287209999999428,3
2015-01-06,1,sewing,Tuesday,8,0.8,25.9,1083.0,10170,38,0.0,0,0,56.5,0.800128721,True,0.0001287209999999428,3
2015-01-06,1,sewing,Tuesday,6,0.8,11.61,910.0,4470,38,0.0,0,0,31.5,0.80007657,True,7.656999999994252e-05,3
2015-01-06,1,sewing,Tuesday,10,0.75,28.08,1209.0,10530,45,0.0,0,0,58.5,0.750545455,True,0.000545455000000028,2
2015-01-06,1,sewing,Tuesday,11,0.75,19.31,590.0,9900,45,0.0,0,0,55.0,0.750057851,True,5.7850999999997654e-05,2
2015-01-06,1,finishing,Tuesday,8,0.8,2.9,0.0,1440,0,0.0,0,0,8.0,0.681060606,True,-0.11893939400000009,1
2015-01-06,1,sewing,Tuesday,5,0.65,21.98,808.0,10440,35,0.0,0,0,58.0,0.649983281,True,-1.6718999999998374e-05,1
2015-01-06,1,finishing,Tuesday,7,0.8,2.9,0.0,1440,0,0.0,0,0,8.0,0.61625,True,-0.18375000000000008,1
2015-01-07,1,finishing,Wednesday,1,0.8,3.94,0.0,1440,0,0.0,0,0,8.0,0.951420455,True,0.151420455,4
2015-01-07,1,finishing,Wednesday,9,0.8,3.94,0.0,1440,0,0.0,0,0,8.0,0.880530303,True,0.08053030299999997,3
2015-01-07,1,sewing,Wednesday,1,0.8,26.16,1179.0,10620,75,0.0,0,0,59.0,0.850502311,True,0.05050231099999991,3
2015-01-07,1,sewing,Wednesday,9,0.8,26.16,1324.0,10620,75,0.0,0,0,59.0,0.850502311,True,0.05050231099999991,3
2015-01-07,1,sewing,Wednesday,8,0.8,25.9,1135.0,10170,60,0.0,0,0,56.5,0.850136766,True,0.050136765999999944,3
2015-01-07,1,finishing,Wednesday,3,0.75,4.15,0.0,2700,0,0.0,0,0,15.0,0.83,True,0.07999999999999996,3
2015-01-07,1,finishing,Wednesday,4,0.8,3.94,0.0,4440,0,0.0,0,0,18.0,0.827186544,True,0.02718654399999998,3
2015-01-07,1,finishing,Wednesday,2,0.8,3.94,0.0,1440,0,0.0,0,0,8.0,0.813371212,True,0.01337121199999991,3
2015-01-07,1,finishing,Wednesday,10,0.75,3.94,0.0,1440,0,0.0,0,0,8.0,0.805909091,True,0.055909090999999966,3
2015-01-07,1,finishing,Wednesday,7,0.8,2.9,0.0,1440,0,0.0,0,0,8.0,0.804640152,True,0.0046401520000000085,3
2015-01-07,1,sewing,Wednesday,2,0.8,28.08,776.0,10350,63,0.0,0,0,57.5,0.800594466,True,0.0005944659999999047,3
2015-01-07,1,sewing,Wednesday,4,0.8,28.08,990.0,10350,50,0.0,0,0,57.5,0.800594466,True,0.0005944659999999047,3
2015-01-07,1,sewing,Wednesday,6,0.8,11.41,986.0,5490,50,0.0,0,0,30.5,0.800343766,True,0.0003437659999999676,3
2015-01-07,1,sewing,Wednesday,3,0.8,19.87,924.0,9900,50,0.0,0,0,55.0,0.800273829,True,0.0002738289999999477,3
2015-01-07,1,sewing,Wednesday,12,0.8,11.61,1120.0,5670,50,0.0,0,0,31.5,0.800246753,True,0.00024675299999998845,3
2015-01-07,1,sewing,Wednesday,7,0.8,25.9,1066.0,10170,50,0.0,0,0,56.5,0.800128721,True,0.0001287209999999428,3
2015-01-07,1,sewing,Wednesday,10,0.75,28.08,1144.0,10530,69,0.0,0,0,58.5,0.8,True,0.050000000000000044,3
2015-01-07,1,sewing,Wednesday,5,0.7,21.98,413.0,9720,40,0.0,0,0,58.0,0.700480831,True,0.0004808310000000704,2
2015-01-07,1,finishing,Wednesday,8,0.8,2.9,0.0,1440,0,0.0,0,0,8.0,0.681060606,True,-0.11893939400000009,1
2015-01-07,1,finishing,Wednesday,6,0.8,2.9,0.0,1800,0,0.0,0,0,10.0,0.666515152,True,-0.13348484800000004,1
2015-01-07,1,sewing,Wednesday,11,0.8,31.83,568.0,9900,40,0.0,0,0,55.0,0.412119835,True,-0.38788016500000005,1
2015-01-07,1,finishing,Wednesday,5,0.7,4.15,0.0,1440,0,0.0,0,0,8.0,0.330113636,True,-0.36988636399999997,1
2015-01-08,2,finishing,Thursday,1,0.8,3.94,0.0,1440,0,0.0,0,0,8.0,0.947689394,True,0.14768939399999992,4
2015-01-08,2,finishing,Thursday,4,0.8,3.94,0.0,12600,0,0.0,0,0,20.0,0.919905405,True,0.11990540499999991,4
2015-01-08,2,sewing,Thursday,9,0.8,26.16,1216.0,10620,88,0.0,0,0,59.0,0.900215716,True,0.10021571600000001,4
2015-01-08,2,finishing,Thursday,9,0.8,3.94,0.0,1440,0,0.0,0,0,8.0,0.891723485,True,0.09172348499999994,3
2015-01-08,2,sewing,Thursday,1,0.8,26.16,1189.0,10620,75,0.0,0,0,59.0,0.850502311,True,0.05050231099999991,3
2015-01-08,2,sewing,Thursday,4,0.8,28.08,942.0,10530,75,0.0,0,0,58.5,0.850181818,True,0.05018181799999999,3
2015-01-08,2,sewing,Thursday,7,0.8,25.9,1050.0,10170,60,0.0,0,0,56.5,0.850136766,True,0.050136765999999944,3
2015-01-08,2,sewing,Thursday,8,0.8,25.9,1026.0,10170,60,0.0,0,0,56.5,0.850136766,True,0.050136765999999944,3
2015-01-08,2,finishing,Thursday,2,0.8,3.94,0.0,1440,0,0.0,0,0,8.0,0.835757576,True,0.03575757599999996,3
2015-01-08,2,finishing,Thursday,5,0.7,4.15,0.0,3840,0,0.0,0,0,8.0,0.821354167,True,0.12135416700000001,3
2015-01-08,2,sewing,Thursday,2,0.8,28.08,783.0,10050,63,0.0,0,0,58.5,0.800497246,True,0.0004972460000000067,3
2015-01-08,2,sewing,Thursday,3,0.8,19.87,857.0,9900,50,0.0,0,0,55.0,0.800273829,True,0.0002738289999999477,3
2015-01-08,2,sewing,Thursday,12,0.8,11.61,548.0,15120,63,0.0,0,0,31.5,0.800107143,True,0.00010714299999992072,3
2015-01-08,2,sewing,Thursday,6,0.8,11.41,411.0,14640,50,0.0,0,0,30.5,0.800024932,True,2.4931999999977528e-05,3
2015-01-08,2,sewing,Thursday,10,0.75,28.08,1066.0,10530,69,0.0,0,0,58.5,0.8,True,0.050000000000000044,3
2015-01-08,2,finishing,Thursday,10,0.75,3.94,0.0,1440,0,0.0,0,0,8.0,0.779791667,True,0.02979166700000002,2
2015-01-08,2,finishing,Thursday,8,0.8,2.9,0.0,1440,0,0.0,0,0,8.0,0.735984848,True,-0.06401515200000008,2
2015-01-08,2,finishing,Thursday,3,0.75,4.15,0.0,2160,0,0.0,0,0,12.0,0.712626263,True,-0.03737373700000002,2
2015-01-08,2,finishing,Thursday,7,0.8,2.9,0.0,1440,0,0.0,0,0,8.0,0.681060606,True,-0.11893939400000009,1
2015-01-08,2,finishing,Thursday,11,0.8,4.15,0.0,900,0,0.0,0,0,5.0,0.515606061,True,-0.2843939390000001,1
2015-01-08,2,sewing,Thursday,11,0.35,12.52,287.0,3960,38,0.0,0,0,54.0,0.349951389,True,-4.86109999999762e-05,1
2015-01-08,2,sewing,Thursday,5,0.7,42.41,724.0,10260,0,0.0,0,0,57.0,0.233705476,True,-0.46629452399999993,1
2015-01-10,2,finishing,Saturday,1,0.8,3.94,0.0,2160,0,0.0,0,0,8.0,0.985,True,0.18499999999999994,4
2015-01-10,2,finishing,Saturday,3,0.75,4.15,0.0,2760,0,0.0,0,0,12.0,0.930340376,True,0.18034037599999997,4
2015-01-10,2,finishing,Saturday,4,0.8,3.94,0.0,6000,0,0.0,0,0,20.0,0.911589744,True,0.11158974399999999,4
2015-01-10,2,finishing,Saturday,9,0.8,3.94,0.0,1440,0,0.0,0,0,8.0,0.858143939,True,0.05814393899999992,3
2015-01-10,2,sewing,Saturday,9,0.8,26.16,1122.0,10620,75,0.0,0,0,59.0,0.851174114,True,0.05117411399999994,3
2015-01-10,2,sewing,Saturday,7,0.8,25.9,970.0,10170,60,0.0,0,0,56.5,0.850136766,True,0.050136765999999944,3
2015-01-10,2,sewing,Saturday,8,0.8,25.9,1158.0,10170,60,0.0,0,0,56.5,0.850136766,True,0.050136765999999944,3
2015-01-10,2,finishing,Saturday,10,0.8,3.94,0.0,1440,0,0.0,0,0,8.0,0.846950758,True,0.046950757999999926,3
2015-01-10,2,finishing,Saturday,11,0.8,4.15,0.0,1440,0,0.0,0,0,8.0,0.817424242,True,0.017424241999999923,3
2015-01-10,2,finishing,Saturday,2,0.8,3.94,0.0,1440,0,0.0,0,0,8.0,0.817102273,True,0.017102273,3
2015-01-10,2,sewing,Saturday,4,0.8,28.08,660.0,10440,63,0.0,0,0,58.0,0.801028213,True,0.001028213,3
2015-01-10,2,sewing,Saturday,2,0.8,28.08,749.0,10350,63,0.0,0,0,57.5,0.800594466,True,0.0005944659999999047,3
2015-01-10,2,sewing,Saturday,12,0.8,11.61,893.0,4710,50,0.0,0,0,31.5,0.800346445,True,0.0003464449999999175,3
2015-01-10,2,sewing,Saturday,6,0.8,11.41,887.0,5490,50,0.0,0,0,30.5,0.800343766,True,0.0003437659999999676,3
2015-01-10,2,sewing,Saturday,1,0.8,26.16,1335.0,10620,63,0.0,0,0,59.0,0.800117103,True,0.00011710300000000728,3
2015-01-10,2,sewing,Saturday,10,0.8,28.08,1082.0,10530,63,0.0,0,0,58.5,0.8,True,0.0,3
2015-01-10,2,sewing,Saturday,3,0.75,19.87,1075.0,7080,45,0.0,0,0,56.0,0.750098351,True,9.835099999999652e-05,2
2015-01-10,2,sewing,Saturday,11,0.5,12.52,749.0,9540,38,0.0,0,0,53.0,0.673245283,True,0.17324528299999997,1
2015-01-10,2,finishing,Saturday,7,0.8,2.9,0.0,1440,0,0.0,0,0,8.0,0.670075758,True,-0.12992424200000008,1
2015-01-10,2,finishing,Saturday,8,0.8,2.9,0.0,1440,0,0.0,0,0,8.0,0.628882576,True,-0.17111742400000007,1
2015-01-10,2,sewing,Saturday,5,0.5,20.79,966.0,7680,0,0.0,0,0,56.0,0.388007813,True,-0.11199218700000002,1
2015-01-10,2,finishing,Saturday,5,0.5,4.15,0.0,1440,0,0.0,0,0,8.0,0.337973485,True,-0.16202651499999998,1
2015-01-11,2,finishing,Sunday,3,0.75,4.15,0.0,1440,0,0.0,0,0,8.0,0.93532197,True,0.18532196999999995,4
2015-01-11,2,finishing,Sunday,4,0.8,3.94,0.0,3600,0,0.0,0,0,20.0,0.925643939,True,0.12564393899999993,4
2015-01-11,2,sewing,Sunday,9,0.8,26.16,1095.0,10620,88,0.0,0,0,59.0,0.900215716,True,0.10021571600000001,4
2015-01-11,2,finishing,Sunday,1,0.8,3.94,0.0,1440,0,0.0,0,0,8.0,0.873068182,True,0.07306818199999998,3
2015-01-11,2,finishing,Sunday,9,0.8,3.94,0.0,1440,0,0.0,0,0,8.0,0.858143939,True,0.05814393899999992,3
2015-01-11,2,sewing,Sunday,1,0.8,26.16,1383.0,10620,75,0.0,0,0,59.0,0.850502311,True,0.05050231099999991,3
2015-01-11,2,sewing,Sunday,7,0.8,25.9,1012.0,10170,45,0.0,0,0,56.5,0.850136766,True,0.050136765999999944,3
2015-01-11,2,sewing,Sunday,8,0.8,25.9,1209.0,10170,60,0.0,0,0,56.5,0.850136766,True,0.050136765999999944,3
2015-01-11,2,finishing,Sunday,10,0.8,3.94,0.0,1440,0,0.0,0,0,8.0,0.828295455,True,0.02829545499999997,3
2015-01-11,2,finishing,Sunday,2,0.8,3.94,0.0,1440,0,0.0,0,0,8.0,0.820833333,True,0.02083333300000001,3
2015-01-11,2,sewing,Sunday,6,0.8,11.41,887.0,5490,50,0.0,0,0,30.5,0.800343766,True,0.0003437659999999676,3
2015-01-11,2,sewing,Sunday,12,0.8,11.61,896.0,5670,50,0.0,0,0,31.5,0.800246753,True,0.00024675299999998845,3
2015-01-11,2,sewing,Sunday,2,0.8,28.08,805.0,10530,63,0.0,0,0,58.5,0.8,True,0.0,3
2015-01-11,2,sewing,Sunday,10,0.8,28.08,762.0,10530,38,0.0,0,0,58.5,0.8,True,0.0,3
2015-01-11,2,sewing,Sunday,3,0.8,19.87,1043.0,6420,0,0.0,0,0,55.0,0.690182815,True,-0.10981718500000004,1
2015-01-11,2,finishing,Sunday,11,0.8,4.15,0.0,1440,0,0.0,0,0,8.0,0.668087121,True,-0.13191287900000004,1
2015-01-11,2,finishing,Sunday,8,0.8,2.9,0.0,1440,0,0.0,0,0,8.0,0.653598485,True,-0.1464015150000001,1
2015-01-11,2,finishing,Sunday,5,0.5,4.15,0.0,1440,0,0.0,0,0,8.0,0.609138258,True,0.10913825799999999,1
2015-01-11,2,sewing,Sunday,11,0.6,12.52,831.0,9540,30,0.0,0,0,53.0,0.600229846,True,0.000229845999999978,1
2015-01-11,2,finishing,Sunday,6,0.8,2.9,0.0,1440,0,0.0,0,0,8.0,0.597348485,True,-0.202651515,1
2015-01-11,2,finishing,Sunday,7,0.8,2.9,0.0,1440,0,0.0,0,0,8.0,0.590435606,True,-0.20956439400000004,1
2015-01-11,2,sewing,Sunday,4,0.8,50.48,562.0,10440,0,0.0,0,0,58.0,0.473134796,True,-0.326865204,1
2015-01-11,2,sewing,Sunday,5,0.6,20.79,1208.0,7980,0,0.0,0,0,57.0,0.452979626,True,-0.14702037399999995,1
2015-01-12,2,finishing,Monday,1,0.8,3.94,0.0,1440,0,0.0,0,0,8.0,0.955151515,True,0.1551515149999999,4
2015-01-12,2,finishing,Monday,4,0.35,4.3,0.0,3240,0,0.0,0,0,18.0,0.942213805,True,0.592213805,4
2015-01-12,2,finishing,Monday,3,0.8,4.15,0.0,1800,0,0.0,0,0,10.0,0.905454545,True,0.10545454499999996,4
2015-01-12,2,finishing,Monday,2,0.8,3.94,0.0,1440,0,0.0,0,0,8.0,0.880530303,True,0.08053030299999997,3
2015-01-12,2,finishing,Monday,9,0.8,3.94,0.0,1440,0,0.0,0,0,8.0,0.858143939,True,0.05814393899999992,3
2015-01-12,2,sewing,Monday,1,0.8,26.16,1099.0,8220,75,0.0,0,0,59.0,0.850522167,True,0.05052216700000001,3
2015-01-12,2,sewing,Monday,9,0.8,26.16,1093.0,10620,75,0.0,0,0,59.0,0.850502311,True,0.05050231099999991,3
2015-01-12,2,sewing,Monday,7,0.8,25.9,1031.0,10170,60,0.0,0,0,56.5,0.850136766,True,0.050136765999999944,3
2015-01-12,2,sewing,Monday,8,0.8,25.9,1233.0,10170,60,0.0,0,0,56.5,0.850136766,True,0.050136765999999944,3
2015-01-12,2,finishing,Monday,6,0.8,2.9,0.0,1440,0,0.0,0,0,8.0,0.817424242,True,0.017424241999999923,3
2015-01-12,2,finishing,Monday,5,0.65,4.15,0.0,1440,0,0.0,0,0,8.0,0.809564394,True,0.159564394,3
2015-01-12,2,sewing,Monday,3,0.8,19.87,941.0,9900,0,0.0,0,0,55.0,0.800273829,True,0.0002738289999999477,3
2015-01-12,2,sewing,Monday,6,0.8,11.41,843.0,5670,50,0.0,0,0,31.5,0.800181818,True,0.00018181799999994475,3
2015-01-12,2,sewing,Monday,12,0.8,11.61,760.0,4470,50,0.0,0,0,31.5,0.80007657,True,7.656999999994252e-05,3
2015-01-12,2,sewing,Monday,2,0.8,28.08,737.0,10530,63,0.0,0,0,58.5,0.8,True,0.0,3
2015-01-12,2,finishing,Monday,8,0.8,2.9,0.0,1440,0,0.0,0,0,8.0,0.725,True,-0.07500000000000007,2
2015-01-12,2,sewing,Monday,10,0.8,50.48,381.0,6930,45,0.0,0,0,58.5,0.688557555,True,-0.111442445,1
2015-01-12,2,sewing,Monday,5,0.65,20.79,1141.0,8460,0,0.0,0,0,59.0,0.650040783,True,4.078299999998869e-05,1
2015-01-12,2,sewing,Monday,11,0.65,12.52,1004.0,9540,44,0.0,0,0,53.0,0.64998056,True,-1.9439999999981694e-05,1
2015-01-12,2,finishing,Monday,7,0.8,2.9,0.0,1440,0,0.0,0,0,8.0,0.648106061,True,-0.15189393900000003,1
2015-01-12,2,finishing,Monday,11,0.8,4.15,0.0,1440,0,0.0,0,0,8.0,0.640577652,True,-0.159422348,1
2015-01-12,2,sewing,Monday,4,0.35,22.4,581.0,7350,0,0.0,0,0,51.5,0.35063299,True,0.0006329899999999999,1
2015-01-12,2,finishing,Monday,10,0.8,3.94,0.0,1440,0,0.0,0,0,8.0,0.24625,True,-0.5537500000000001,1
2015-01-13,2,finishing,Tuesday,4,0.35,4.3,0.0,2160,0,0.0,0,0,12.0,0.952020202,True,0.6020202020000001,4
2015-01-13,2,finishing,Tuesday,1,0.8,3.94,0.0,1440,0,0.0,0,0,2.0,0.951420455,True,0.151420455,4
2015-01-13,2,finishing,Tuesday,10,0.8,3.94,0.0,5400,0,0.0,0,0,20.0,0.912766667,True,0.11276666699999993,4
2015-01-13,2,finishing,Tuesday,3,0.8,4.15,0.0,1620,0,0.0,0,0,9.0,0.901262626,True,0.10126262599999991,4
2015-01-13,2,finishing,Tuesday,9,0.8,3.94,0.0,1440,0,0.0,0,0,8.0,0.858143939,True,0.05814393899999992,3
2015-01-13,2,sewing,Tuesday,1,0.8,26.16,1073.0,10620,75,0.0,0,0,59.0,0.850502311,True,0.05050231099999991,3
2015-01-13,2,sewing,Tuesday,9,0.8,26.16,1156.0,10620,75,0.0,0,0,59.0,0.850502311,True,0.05050231099999991,3
2015-01-13,2,sewing,Tuesday,8,0.8,25.9,1211.0,10260,60,0.0,0,0,57.0,0.850252525,True,0.05025252499999999,3
2015-01-13,2,sewing,Tuesday,7,0.8,25.9,1126.0,10170,60,0.0,0,0,56.5,0.850136766,True,0.050136765999999944,3
2015-01-13,2,finishing,Tuesday,5,0.65,4.15,0.0,1440,0,0.0,0,0,8.0,0.821354167,True,0.17135416699999995,3
2015-01-13,2,finishing,Tuesday,2,0.8,3.94,0.0,1440,0,0.0,0,0,8.0,0.805909091,True,0.005909090999999922,3
2015-01-13,2,sewing,Tuesday,6,0.8,11.61,1004.0,5670,50,0.0,0,0,31.5,0.800246753,True,0.00024675299999998845,3
2015-01-13,2,sewing,Tuesday,12,0.8,11.61,1063.0,5670,50,0.0,0,0,31.5,0.800246753,True,0.00024675299999998845,3
2015-01-13,2,sewing,Tuesday,2,0.8,28.08,723.0,10530,50,0.0,0,0,58.5,0.8,True,0.0,3
2015-01-13,2,sewing,Tuesday,3,0.8,42.27,465.0,9900,54,0.0,0,0,55.0,0.705576584,True,-0.09442341600000004,2
2015-01-13,2,finishing,Tuesday,8,0.8,2.9,0.0,1440,0,0.0,0,0,8.0,0.681060606,True,-0.11893939400000009,1
2015-01-13,2,finishing,Tuesday,7,0.8,2.9,0.0,1440,0,0.0,0,0,8.0,0.670075758,True,-0.12992424200000008,1
2015-01-13,2,finishing,Tuesday,11,0.8,4.15,0.0,1440,0,0.0,0,0,8.0,0.601278409,True,-0.1987215910000001,1
2015-01-13,2,sewing,Tuesday,11,0.7,27.13,530.0,9540,37,0.0,0,0,53.0,0.582301029,True,-0.11769897099999993,1
2015-01-13,2,sewing,Tuesday,5,0.7,20.79,1297.0,10440,0,0.0,0,0,58.0,0.526810345,True,-0.17318965499999994,1
2015-01-13,2,sewing,Tuesday,4,0.5,22.4,783.0,10170,23,0.0,0,0,56.5,0.500380799,True,0.00038079899999998723,1
2015-01-13,2,sewing,Tuesday,10,0.35,22.4,715.0,10170,23,0.0,0,0,56.5,0.35020649,True,0.00020649000000000362,1
2015-01-14,2,finishing,Wednesday,11,0.8,4.15,0.0,1980,0,0.0,0,0,7.0,0.934607438,True,0.13460743799999997,4
2015-01-14,2,finishing,Wednesday,4,0.35,4.3,0.0,2700,0,0.0,0,0,8.0,0.908080808,True,0.558080808,4
2015-01-14,2,sewing,Wednesday,7,0.8,25.9,1150.0,10170,70,0.0,0,0,56.5,0.900144811,True,0.10014481099999994,4
2015-01-14,2,finishing,Wednesday,1,0.8,3.94,0.0,1440,0,0.0,0,0,8.0,0.891723485,True,0.09172348499999994,3
2015-01-14,2,finishing,Wednesday,5,0.65,4.15,0.0,1440,0,0.0,0,0,15.0,0.864583333,True,0.214583333,3
2015-01-14,2,finishing,Wednesday,9,0.8,3.94,0.0,1440,0,0.0,0,0,8.0,0.858143939,True,0.05814393899999992,3
2015-01-14,2,sewing,Wednesday,9,0.8,26.16,1232.0,10620,75,0.0,0,0,59.0,0.850502311,True,0.05050231099999991,3
2015-01-14,2,sewing,Wednesday,8,0.8,25.9,1218.0,10170,60,0.0,0,0,56.5,0.850136766,True,0.050136765999999944,3
2015-01-14,2,finishing,Wednesday,7,0.8,2.9,0.0,1440,0,0.0,0,0,8.0,0.837594697,True,0.037594696999999955,3
2015-01-14,2,finishing,Wednesday,3,0.8,4.15,0.0,1440,0,0.0,0,0,7.0,0.820833333,True,0.02083333300000001,3
2015-01-14,2,sewing,Wednesday,12,0.8,11.61,1159.0,2970,50,0.0,0,0,31.5,0.800313433,True,0.0003134329999999741,3
2015-01-14,2,sewing,Wednesday,6,0.8,11.61,972.0,5670,38,0.0,0,0,31.5,0.800246753,True,0.00024675299999998845,3
2015-01-14,2,sewing,Wednesday,1,0.8,26.16,1092.0,10620,63,0.0,0,0,59.0,0.800117103,True,0.00011710300000000728,3
2015-01-14,2,sewing,Wednesday,5,0.7,20.79,965.0,7320,0,0.0,0,0,58.0,0.700095563,True,9.556300000002071e-05,2
2015-01-14,2,finishing,Wednesday,8,0.8,2.9,0.0,1440,0,0.0,0,0,8.0,0.667329545,True,-0.13267045500000008,1
2015-01-14,2,sewing,Wednesday,4,0.6,22.4,816.0,5100,23,0.0,0,0,57.0,0.600369686,True,0.0003696859999999802,1
2015-01-14,2,sewing,Wednesday,10,0.5,22.4,947.0,3390,23,0.0,0,0,56.5,0.499980334,True,-1.966599999997376e-05,1
2015-01-14,2,sewing,Wednesday,11,0.35,14.61,838.0,7200,23,0.0,0,0,55.0,0.35003125,True,3.125000000003819e-05,1
2015-01-14,2,finishing,Wednesday,10,0.8,3.94,0.0,1260,0,0.0,0,0,8.0,0.332359307,True,-0.46764069300000005,1
2015-01-14,2,sewing,Wednesday,2,0.8,51.02,1086.0,4260,27,0.0,0,0,57.0,0.311207464,True,-0.48879253600000006,1
2015-01-14,2,finishing,Wednesday,2,0.8,3.94,0.0,1260,0,0.0,0,0,8.0,0.247316017,True,-0.5526839830000001,1
2015-01-15,3,finishing,Thursday,4,0.35,4.3,0.0,3600,0,0.0,0,0,20.0,0.988636364,True,0.638636364,4
2015-01-15,3,finishing,Thursday,10,0.8,3.94,0.0,3420,0,0.0,0,0,19.0,0.953110048,True,0.15311004799999994,4
2015-01-15,3,finishing,Thursday,1,0.8,3.94,0.0,1440,0,0.0,0,0,8.0,0.884261364,True,0.08426136399999995,3
2015-01-15,3,finishing,Thursday,5,0.65,4.15,0.0,1440,0,0.0,0,0,8.0,0.860653409,True,0.21065340899999996,3
2015-01-15,3,finishing,Thursday,9,0.8,3.94,0.0,1440,0,0.0,0,0,8.0,0.858143939,True,0.05814393899999992,3
2015-01-15,3,sewing,Thursday,1,0.8,26.16,1160.0,10620,75,0.0,0,0,59.0,0.850502311,True,0.05050231099999991,3
2015-01-15,3,sewing,Thursday,8,0.8,25.9,1177.0,8970,60,0.0,0,0,56.5,0.850415628,True,0.05041562799999999,3
2015-01-15,3,sewing,Thursday,7,0.8,25.9,1281.0,10170,60,0.0,0,0,56.5,0.850136766,True,0.050136765999999944,3
2015-01-15,3,sewing,Thursday,9,0.8,26.16,1369.0,10620,63,0.0,0,0,59.0,0.800117103,True,0.00011710300000000728,3
2015-01-15,3,sewing,Thursday,6,0.8,11.61,1084.0,4950,38,0.0,0,0,31.5,0.80003139,True,3.13899999999645e-05,3
2015-01-15,3,sewing,Thursday,12,0.8,11.61,1216.0,4950,50,0.0,0,0,31.5,0.80003139,True,3.13899999999645e-05,3
2015-01-15,3,sewing,Thursday,5,0.7,20.79,391.0,10440,0,0.0,0,0,58.0,0.700060345,True,6.03450000000727e-05,2
2015-01-15,3,finishing,Thursday,7,0.8,2.9,0.0,1440,0,0.0,0,0,8.0,0.689299242,True,-0.11070075800000001,1
2015-01-15,3,sewing,Thursday,3,0.5,22.52,1102.0,10170,30,0.0,0,0,56.5,0.660683293,True,0.16068329299999995,1
2015-01-15,3,sewing,Thursday,4,0.65,22.52,872.0,10080,26,0.0,0,0,56.0,0.650130952,True,0.0001309520000000175,1
2015-01-15,3,finishing,Thursday,8,0.8,2.9,0.0,1440,0,0.0,0,0,8.0,0.606912879,True,-0.19308712100000003,1
2015-01-15,3,sewing,Thursday,10,0.6,22.52,1076.0,10170,23,0.0,0,0,56.5,0.600291767,True,0.00029176699999999833,1
2015-01-15,3,sewing,Thursday,11,0.5,14.89,917.0,9900,30,0.0,0,0,55.0,0.500025069,True,2.5068999999988684e-05,1
2015-01-15,3,sewing,Thursday,2,0.5,22.94,1044.0,9810,23,0.0,0,0,54.5,0.499998888,True,-1.112000000025315e-06,1
2015-01-17,3,finishing,Saturday,5,0.65,4.15,0.0,2700,0,0.0,0,0,15.0,0.98719697,True,0.33719696999999993,4
2015-01-17,3,finishing,Saturday,2,0.8,3.94,0.0,1800,0,0.0,0,0,10.0,0.980909091,True,0.18090909099999997,4
2015-01-17,3,finishing,Saturday,10,0.8,3.94,0.0,1440,0,0.0,0,0,8.0,0.974621212,True,0.17462121199999991,4
2015-01-17,3,finishing,Saturday,1,0.8,3.94,0.0,1440,0,0.0,0,0,8.0,0.884261364,True,0.08426136399999995,3
2015-01-17,3,finishing,Saturday,9,0.8,3.94,0.0,1800,0,0.0,0,0,10.0,0.82680303,True,0.02680302999999995,3
2015-01-17,3,sewing,Saturday,6,0.8,11.41,1067.0,5490,63,0.0,0,0,30.5,0.800343766,True,0.0003437659999999676,3
2015-01-17,3,sewing,Saturday,12,0.8,11.61,1039.0,5670,63,0.0,0,0,31.5,0.800246753,True,0.00024675299999998845,3
2015-01-17,3,sewing,Saturday,7,0.8,25.9,1396.0,10170,50,0.0,0,0,56.5,0.800128721,True,0.0001287209999999428,3
2015-01-17,3,sewing,Saturday,8,0.8,25.9,1292.0,10170,50,0.0,0,0,56.5,0.800128721,True,0.0001287209999999428,3
2015-01-17,3,sewing,Saturday,1,0.8,48.68,171.0,10620,63,0.0,0,0,59.0,0.800117103,True,0.00011710300000000728,3
2015-01-17,3,sewing,Saturday,9,0.8,26.16,1128.0,10620,63,0.0,0,0,59.0,0.800117103,True,0.00011710300000000728,3
2015-01-17,3,sewing,Saturday,2,0.6,22.94,865.0,6570,23,0.0,0,0,56.5,0.77011398,True,0.17011398,2
2015-01-17,3,sewing,Saturday,4,0.7,22.52,825.0,10170,50,0.0,0,0,56.5,0.7005417,True,0.0005417000000000893,2
2015-01-17,3,finishing,Saturday,8,0.8,2.9,0.0,1440,0,0.0,0,0,8.0,0.675568182,True,-0.12443181800000003,1
2015-01-17,3,finishing,Saturday,7,0.8,2.9,0.0,1440,0,0.0,0,0,8.0,0.661837121,True,-0.13816287900000002,1
2015-01-17,3,sewing,Saturday,10,0.65,22.52,1163.0,9720,35,0.0,0,0,54.0,0.650198653,True,0.00019865299999999309,1
2015-01-17,3,sewing,Saturday,3,0.6,22.52,1140.0,10170,30,0.0,0,0,56.5,0.600291767,True,0.00029176699999999833,1
2015-01-17,3,sewing,Saturday,11,0.6,14.89,1027.0,10080,38,0.0,0,0,56.0,0.600273268,True,0.0002732680000000487,1
2015-01-17,3,finishing,Saturday,6,0.8,2.9,0.0,900,0,0.0,0,0,5.0,0.465757576,True,-0.33424242400000004,1
2015-01-17,3,sewing,Saturday,5,0.7,41.19,1052.0,10440,21,0.0,0,0,58.0,0.452012539,True,-0.24798746099999996,1
2015-01-17,3,finishing,Saturday,11,0.8,4.15,0.0,1260,0,0.0,0,0,7.0,0.313852814,True,-0.48614718600000006,1
2015-01-18,3,finishing,Sunday,5,0.6,4.15,0.0,1440,0,0.0,0,0,8.0,0.852793561,True,0.25279356100000006,3
2015-01-18,3,finishing,Sunday,11,0.65,4.15,0.0,2160,0,0.0,0,0,12.0,0.838383838,True,0.18838383800000003,3
2015-01-18,3,finishing,Sunday,6,0.8,2.9,0.0,1800,0,0.0,0,0,10.0,0.804848485,True,0.0048484849999999025,3
2015-01-18,3,sewing,Sunday,6,0.8,11.41,1140.0,5490,63,0.0,0,0,30.5,0.800343766,True,0.0003437659999999676,3
2015-01-18,3,sewing,Sunday,7,0.8,48.84,624.0,10170,50,0.0,0,0,56.5,0.800128721,True,0.0001287209999999428,3
2015-01-18,3,sewing,Sunday,8,0.8,25.9,1288.0,10170,38,0.0,0,0,56.5,0.800128721,True,0.0001287209999999428,3
2015-01-18,3,sewing,Sunday,9,0.8,26.16,1381.0,3660,50,0.0,0,0,59.0,0.800015009,True,1.5008999999954753e-05,3
2015-01-18,3,sewing,Sunday,4,0.7,22.52,882.0,10170,50,0.0,0,0,56.5,0.7005417,True,0.0005417000000000893,2
2015-01-18,3,sewing,Sunday,10,0.7,22.52,1002.0,10080,40,0.0,0,0,56.0,0.700094156,True,9.415600000006741e-05,2
2015-01-18,3,finishing,Sunday,7,0.8,2.9,0.0,1440,0,0.0,0,0,8.0,0.692045455,True,-0.10795454500000001,1
2015-01-18,3,sewing,Sunday,12,0.8,26.87,585.0,5670,56,0.0,0,0,31.5,0.662255892,True,-0.13774410800000003,1
2015-01-18,3,sewing,Sunday,3,0.65,22.52,1138.0,10170,35,0.0,0,0,56.5,0.650416734,True,0.0004167339999999742,1
2015-01-18,3,sewing,Sunday,11,0.65,14.89,1140.0,10260,44,0.0,0,0,57.0,0.650299575,True,0.00029957499999999637,1
2015-01-18,3,sewing,Sunday,2,0.65,22.94,1025.0,10170,26,0.0,0,0,56.5,0.650243497,True,0.0002434969999999259,1
2015-01-18,3,finishing,Sunday,8,0.8,2.9,0.0,1440,0,0.0,0,0,8.0,0.639867424,True,-0.16013257600000008,1
2015-01-18,3,sewing,Sunday,5,0.6,20.4,1031.0,10440,30,0.0,0,0,58.0,0.600062696,True,6.269599999997322e-05,1
2015-01-18,3,finishing,Sunday,9,0.8,3.94,0.0,1800,0,0.0,0,0,10.0,0.582045455,True,-0.217954545,1
2015-01-18,3,sewing,Sunday,1,0.8,49.1,1381.0,10350,24,0.0,0,0,57.5,0.403242161,True,-0.39675783900000006,1
2015-01-18,3,finishing,Sunday,10,0.7,3.94,0.0,1440,0,0.0,0,0,8.0,0.235795455,True,-0.46420454499999997,1
2015-01-19,3,finishing,Monday,4,0.7,4.3,0.0,5040,0,0.0,0,0,28.0,0.977272727,True,0.27727272700000005,4
2015-01-19,3,finishing,Monday,9,0.8,3.94,0.0,1800,0,0.0,0,0,10.0,0.964106061,True,0.16410606099999991,4
2015-01-19,3,finishing,Monday,5,0.65,4.15,0.0,1440,0,0.0,0,0,8.0,0.958901515,True,0.30890151499999996,4
2015-01-19,3,sewing,Monday,6,0.8,11.41,1028.0,4380,50,0.0,0,0,31.0,0.800358775,True,0.00035877499999992235,3
2015-01-19,3,sewing,Monday,8,0.8,25.9,1380.0,3630,50,0.0,0,0,56.5,0.800162602,True,0.00016260199999995617,3
2015-01-19,3,sewing,Monday,9,0.8,26.16,1196.0,10620,63,0.0,0,0,59.0,0.800117103,True,0.00011710300000000728,3
2015-01-19,3,finishing,Monday,12,0.8,2.9,0.0,1440,0,0.0,0,0,8.0,0.793844697,True,-0.006155303000000001,2
2015-01-19,3,sewing,Monday,2,0.7,22.94,1006.0,10170,38,0.0,0,0,56.5,0.750517565,True,0.05051756500000004,2
2015-01-19,3,sewing,Monday,4,0.7,22.52,930.0,10260,63,0.0,0,0,57.0,0.750068049,True,0.05006804900000006,2
2015-01-19,3,sewing,Monday,3,0.7,22.52,1095.0,10170,50,0.0,0,0,56.5,0.750062751,True,0.050062751000000016,2
2015-01-19,3,sewing,Monday,10,0.7,22.52,938.0,10080,63,0.0,0,0,56.0,0.750057359,True,0.05005735900000008,2
2015-01-19,3,sewing,Monday,11,0.7,14.89,1484.0,10260,50,0.0,0,0,57.0,0.700170388,True,0.0001703880000000213,2
2015-01-19,3,finishing,Monday,8,0.8,2.9,0.0,1440,0,0.0,0,0,8.0,0.683806818,True,-0.11619318200000006,1
2015-01-19,3,sewing,Monday,5,0.65,20.4,1255.0,8280,35,0.0,0,0,58.0,0.650066445,True,6.644499999997056e-05,1
2015-01-19,3,sewing,Monday,7,0.8,48.84,1040.0,10260,30,0.0,0,0,57.0,0.576460393,True,-0.22353960700000008,1
2015-01-19,3,sewing,Monday,1,0.5,22.94,1492.0,10170,30,0.0,0,0,56.5,0.549969429,True,0.04996942900000001,1
2015-01-19,3,finishing,Monday,10,0.7,3.94,0.0,1440,0,0.0,0,0,8.0,0.538399621,True,-0.1616003789999999,1
2015-01-19,3,finishing,Monday,11,0.7,4.15,0.0,1440,0,0.0,0,0,8.0,0.409545455,True,-0.29045454499999995,1
2015-01-19,3,sewing,Monday,12,0.35,15.26,1111.0,6120,23,0.0,0,0,34.0,0.35021836,True,0.00021836000000002853,1
2015-01-20,3,finishing,Tuesday,5,0.7,4.15,0.0,1440,0,0.0,0,0,8.0,1.033570076,True,0.333570076,4
2015-01-20,3,sewing,Tuesday,6,0.8,11.41,1047.0,5580,63,0.0,0,0,31.0,0.800261486,True,0.00026148599999997746,3
2015-01-20,3,sewing,Tuesday,8,0.8,25.9,1434.0,10170,50,0.0,0,0,56.5,0.800128721,True,0.0001287209999999428,3
2015-01-20,3,sewing,Tuesday,9,0.8,26.16,399.0,10620,63,0.0,0,0,59.0,0.800117103,True,0.00011710300000000728,3
2015-01-20,3,sewing,Tuesday,4,0.7,22.52,983.0,10260,63,0.0,0,0,57.0,0.750068049,True,0.05006804900000006,2
2015-01-20,3,sewing,Tuesday,10,0.7,22.52,1108.0,10080,63,0.0,0,0,56.0,0.750057359,True,0.05005735900000008,2
2015-01-20,3,sewing,Tuesday,3,0.7,22.52,1134.0,8460,50,0.0,0,0,57.0,0.750037968,True,0.050037968000000044,2
2015-01-20,3,sewing,Tuesday,2,0.7,22.94,1363.0,10260,50,0.0,0,0,57.0,0.750031898,True,0.050031898000000075,2
2015-01-20,3,finishing,Tuesday,9,0.8,3.94,0.0,1800,0,0.0,0,0,10.0,0.72830303,True,-0.07169697000000008,2
2015-01-20,3,sewing,Tuesday,11,0.7,14.89,1501.0,10260,50,0.0,0,0,57.0,0.700170388,True,0.0001703880000000213,2
2015-01-20,3,sewing,Tuesday,5,0.7,20.4,1352.0,10260,50,0.0,0,0,57.0,0.700063796,True,6.379600000006036e-05,2
2015-01-20,3,finishing,Tuesday,8,0.8,2.9,0.0,1440,0,0.0,0,0,8.0,0.639867424,True,-0.16013257600000008,1
2015-01-20,3,sewing,Tuesday,12,0.5,15.26,1352.0,3720,23,0.0,0,0,34.0,0.500290419,True,0.00029041900000004173,1
2015-01-20,3,sewing,Tuesday,7,0.35,22.94,1450.0,10080,30,0.0,0,0,56.0,0.400332792,True,0.050332792000000015,1
2015-01-20,3,finishing,Tuesday,11,0.7,4.15,0.0,2700,0,0.0,0,0,15.0,0.362666667,True,-0.33733333299999996,1
2015-01-21,3,finishing,Wednesday,4,0.75,4.3,0.0,6000,0,0.0,0,0,20.0,0.978525641,True,0.22852564099999995,4
2015-01-21,3,finishing,Wednesday,2,0.7,3.94,0.0,5100,0,0.0,0,0,17.0,0.912202112,True,0.21220211200000005,4
2015-01-21,3,sewing,Wednesday,4,0.75,22.52,825.0,10080,94,0.0,0,0,56.0,0.900556277,True,0.15055627699999996,4
2015-01-21,3,sewing,Wednesday,6,0.8,11.61,916.0,5760,75,0.0,0,0,89.0,0.850410511,True,0.050410510999999936,3
2015-01-21,3,finishing,Wednesday,9,0.8,3.94,0.0,2400,0,0.0,0,0,8.0,0.827147436,True,0.027147435999999914,3
2015-01-21,3,sewing,Wednesday,8,0.8,25.9,562.0,7470,38,0.0,0,0,56.5,0.800436542,True,0.0004365419999999842,3
2015-01-21,3,sewing,Wednesday,2,0.7,22.94,1422.0,10500,60,0.0,0,0,57.0,0.800415742,True,0.10041574200000003,3
2015-01-21,3,sewing,Wednesday,10,0.7,22.52,1206.0,10080,75,0.0,0,0,56.0,0.800020563,True,0.10002056300000006,3
2015-01-21,3,finishing,Wednesday,5,0.7,4.15,0.0,2400,0,0.0,0,0,8.0,0.758173077,True,0.05817307700000007,2
2015-01-21,3,sewing,Wednesday,5,0.7,20.4,1404.0,10440,50,0.0,0,0,58.0,0.750344828,True,0.050344828000000064,2
2015-01-21,3,sewing,Wednesday,3,0.7,22.52,1139.0,10260,63,0.0,0,0,57.0,0.750068049,True,0.05006804900000006,2
2015-01-21,3,sewing,Wednesday,11,0.7,14.89,1735.0,10260,50,0.0,0,0,57.0,0.700170388,True,0.0001703880000000213,2
2015-01-21,3,sewing,Wednesday,1,0.65,22.94,1595.0,10260,34,0.0,0,0,57.0,0.700029771,True,0.050029770999999945,2
2015-01-21,3,sewing,Wednesday,12,0.6,15.26,1245.0,6360,23,0.0,0,0,34.0,0.60017284,True,0.00017284000000006294,1
2015-01-21,3,finishing,Wednesday,8,0.8,2.9,0.0,2400,0,0.0,0,0,8.0,0.594871795,True,-0.20512820500000006,1
2015-01-21,3,sewing,Wednesday,9,0.8,54.56,757.0,4140,29,0.0,0,0,58.0,0.520237649,True,-0.279762351,1
2015-01-21,3,finishing,Wednesday,1,0.65,3.94,0.0,2400,0,0.0,0,0,8.0,0.505128205,True,-0.14487179500000003,1
2015-01-21,3,sewing,Wednesday,7,0.5,22.52,1720.0,10080,23,0.0,0,0,56.0,0.500241342,True,0.00024134200000003325,1
2015-01-21,3,finishing,Wednesday,11,0.7,4.15,0.0,2700,0,0.0,0,0,9.0,0.470769231,True,-0.22923076899999995,1
2015-01-22,4,finishing,Thursday,7,0.6,3.94,0.0,6000,0,0.0,0,0,10.0,0.957638889,True,0.35763888900000007,4
2015-01-22,4,finishing,Thursday,10,0.75,3.94,0.0,8400,0,0.0,0,0,14.0,0.940701058,True,0.19070105800000003,4
2015-01-22,4,sewing,Thursday,4,0.75,22.52,759.0,10080,81,0.0,0,0,56.0,0.849983766,True,0.09998376600000003,3
2015-01-22,4,sewing,Thursday,2,0.7,22.94,1510.0,10620,60,0.0,0,0,57.0,0.800302791,True,0.10030279100000006,3
2015-01-22,4,sewing,Thursday,6,0.8,11.61,955.0,6360,63,0.0,0,0,32.0,0.800191989,True,0.000191988999999948,3
2015-01-22,4,sewing,Thursday,10,0.75,22.52,1328.0,10080,55,0.0,0,0,56.0,0.800020563,True,0.05002056300000002,3
2015-01-22,4,sewing,Thursday,1,0.7,22.94,1384.0,12180,63,0.0,0,0,57.0,0.750162367,True,0.050162367000000097,2
2015-01-22,4,sewing,Thursday,3,0.7,22.52,1244.0,10260,63,0.0,0,0,57.0,0.750068049,True,0.05006804900000006,2
2015-01-22,4,finishing,Thursday,5,0.7,4.15,0.0,9000,0,0.0,0,0,15.0,0.742901235,True,0.04290123500000009,2
2015-01-22,4,sewing,Thursday,5,0.7,20.4,1480.0,10440,40,0.0,0,0,58.0,0.700250784,True,0.0002507840000000039,2
2015-01-22,4,sewing,Thursday,11,0.7,14.89,1863.0,10260,50,0.0,0,0,57.0,0.700170388,True,0.0001703880000000213,2
2015-01-22,4,finishing,Thursday,4,0.75,4.3,0.0,9000,0,0.0,0,0,15.0,0.670216049,True,-0.07978395100000002,1
2015-01-22,4,finishing,Thursday,1,0.7,3.94,0.0,15000,0,0.0,0,0,25.0,0.649662222,True,-0.050337777999999944,1
2015-01-22,4,finishing,Thursday,2,0.7,3.94,0.0,15000,0,0.0,0,0,25.0,0.649662222,True,-0.050337777999999944,1
2015-01-22,4,finishing,Thursday,6,0.8,2.9,0.0,4800,0,0.0,0,0,8.0,0.626822917,True,-0.173177083,1
2015-01-22,4,sewing,Thursday,12,0.6,15.26,1492.0,6960,23,0.0,0,0,34.0,0.600436426,True,0.0004364260000000453,1
2015-01-22,4,sewing,Thursday,7,0.6,22.52,1859.0,10260,23,0.0,0,0,57.0,0.60041361,True,0.0004136100000000642,1
2015-01-22,4,sewing,Thursday,8,0.8,40.99,980.0,10770,30,0.0,0,0,56.5,0.555500132,True,-0.244499868,1
2015-01-22,4,sewing,Thursday,9,0.5,29.12,970.0,10440,30,0.0,0,0,58.0,0.500547544,True,0.0005475440000000109,1
2015-01-22,4,finishing,Thursday,3,0.7,3.94,0.0,12000,0,0.0,0,0,20.0,0.460578704,True,-0.23942129599999995,1
2015-01-22,4,finishing,Thursday,8,0.8,2.9,0.0,4800,0,0.0,0,0,8.0,0.397743056,True,-0.40225694400000006,1
2015-01-22,4,finishing,Thursday,12,0.6,4.08,0.0,5400,0,0.0,0,0,9.0,0.327407407,True,-0.272592593,1
2015-01-24,4,finishing,Saturday,5,0.7,4.15,0.0,2700,0,0.0,0,0,15.0,0.966666667,True,0.2666666670000001,4
2015-01-24,4,finishing,Saturday,10,0.75,3.94,0.0,1800,0,0.0,0,0,10.0,0.937242424,True,0.18724242400000002,4
2015-01-24,4,finishing,Saturday,8,0.8,2.9,0.0,1620,0,0.0,0,0,9.0,0.910521886,True,0.1105218859999999,4
2015-01-24,4,sewing,Saturday,2,0.75,22.94,1606.0,10260,94,0.0,0,0,57.0,0.90064806,True,0.15064805999999997,4
2015-01-24,4,sewing,Saturday,4,0.75,22.52,727.0,10260,94,0.0,0,0,57.0,0.900321106,True,0.15032110600000004,4
2015-01-24,4,finishing,Saturday,11,0.75,4.15,0.0,1800,0,0.0,0,0,10.0,0.896022727,True,0.14602272699999996,3
2015-01-24,4,finishing,Saturday,3,0.75,3.94,0.0,1440,0,0.0,0,0,8.0,0.895454545,True,0.145454545,3
2015-01-24,4,finishing,Saturday,7,0.65,3.94,0.0,2160,0,0.0,0,0,12.0,0.870580808,True,0.22058080800000002,3
2015-01-24,4,finishing,Saturday,12,0.7,4.08,0.0,1620,0,0.0,0,0,9.0,0.858585859,True,0.158585859,3
2015-01-24,4,sewing,Saturday,1,0.7,22.94,1472.0,10260,75,0.0,0,0,57.0,0.800643806,True,0.100643806,3
2015-01-24,4,sewing,Saturday,10,0.75,22.52,1332.0,10080,69,0.0,0,0,56.0,0.80062987,True,0.050629869999999966,3
2015-01-24,4,sewing,Saturday,6,0.8,11.61,1009.0,5640,63,0.0,0,0,32.0,0.800537143,True,0.0005371429999999622,3
2015-01-24,4,sewing,Saturday,3,0.75,22.52,1266.0,10260,69,0.0,0,0,57.0,0.80035194,True,0.050351939999999984,3
2015-01-24,4,sewing,Saturday,12,0.75,15.26,1316.0,6120,40,0.0,0,0,34.0,0.750079323,True,7.932300000002002e-05,2
2015-01-24,4,sewing,Saturday,11,0.75,42.97,1282.0,10260,56,0.0,0,0,57.0,0.750041201,True,4.120100000004623e-05,2
2015-01-24,4,sewing,Saturday,5,0.7,20.4,1382.0,10440,50,0.0,0,0,58.0,0.700250784,True,0.0002507840000000039,2
2015-01-24,4,finishing,Saturday,4,0.75,4.3,0.0,2160,0,0.0,0,0,12.0,0.651515152,True,-0.09848484800000001,1
2015-01-24,4,sewing,Saturday,7,0.65,22.52,1295.0,10170,26,0.0,0,0,56.5,0.650416734,True,0.0004167339999999742,1
2015-01-24,4,sewing,Saturday,9,0.6,29.12,925.0,6660,23,0.0,0,0,58.0,0.600125217,True,0.0001252170000000108,1
2015-01-24,4,finishing,Saturday,2,0.75,3.94,0.0,1440,0,0.0,0,0,8.0,0.578314394,True,-0.17168560600000005,1
2015-01-24,4,finishing,Saturday,1,0.7,3.94,0.0,1440,0,0.0,0,0,8.0,0.578314394,True,-0.121685606,1
2015-01-24,4,sewing,Saturday,8,0.35,15.09,1448.0,9360,23,0.0,0,0,52.0,0.34998951,True,-1.0489999999974131e-05,1
2015-01-24,4,finishing,Saturday,9,0.6,3.94,0.0,1440,0,0.0,0,0,8.0,0.261174242,True,-0.338825758,1
2015-01-25,4,finishing,Sunday,5,0.7,4.15,0.0,3060,0,0.0,0,0,17.0,0.973796791,True,0.2737967910000001,4
2015-01-25,4,finishing,Sunday,2,0.75,3.94,0.0,1440,0,0.0,0,0,8.0,0.970075758,True,0.220075758,4
2015-01-25,4,finishing,Sunday,1,0.7,3.94,0.0,1440,0,0.0,0,0,8.0,0.970075758,True,0.27007575800000005,4
2015-01-25,4,finishing,Sunday,3,0.75,3.94,0.0,1620,0,0.0,0,0,9.0,0.961784512,True,0.21178451200000004,4
2015-01-25,4,finishing,Sunday,10,0.75,3.94,0.0,3420,0,0.0,0,0,19.0,0.955151515,True,0.20515151499999995,4
2015-01-25,4,finishing,Sunday,4,0.75,4.3,0.0,2160,0,0.0,0,0,12.0,0.952020202,True,0.20202020200000004,4
2015-01-25,4,sewing,Sunday,4,0.75,22.52,867.0,10260,94,0.0,0,0,57.0,0.900321106,True,0.15032110600000004,4
2015-01-25,4,sewing,Sunday,2,0.75,22.94,1636.0,10530,81,0.0,0,0,58.5,0.850223776,True,0.10022377599999999,3
2015-01-25,4,sewing,Sunday,1,0.7,22.94,1682.0,10530,75,0.0,0,0,58.5,0.800909609,True,0.10090960900000001,3
2015-01-25,4,sewing,Sunday,3,0.75,22.52,1495.0,10350,55,0.0,0,0,57.5,0.800513307,True,0.05051330700000001,3
2015-01-25,4,sewing,Sunday,6,0.8,11.61,1181.0,5760,63,0.0,0,0,32.0,0.800386364,True,0.0003863639999999169,3
2015-01-25,4,sewing,Sunday,10,0.75,22.52,1413.0,10080,69,0.0,0,0,56.0,0.800020563,True,0.05002056300000002,3
2015-01-25,4,finishing,Sunday,7,0.65,3.94,0.0,2520,0,0.0,0,0,14.0,0.749188312,True,0.099188312,2
2015-01-25,4,sewing,Sunday,7,0.7,22.52,360.0,10170,40,0.0,0,0,56.5,0.7005417,True,0.0005417000000000893,2
2015-01-25,4,sewing,Sunday,12,0.7,15.26,1296.0,6120,40,0.0,0,0,34.0,0.70043672,True,0.00043672000000005706,2
2015-01-25,4,sewing,Sunday,5,0.7,20.4,1217.0,10440,50,0.0,0,0,58.0,0.700250784,True,0.0002507840000000039,2
2015-01-25,4,sewing,Sunday,9,0.65,29.12,1086.0,10440,26,0.0,0,0,58.0,0.650407524,True,0.00040752399999999245,1
2015-01-25,4,finishing,Sunday,12,0.7,4.08,0.0,1620,0,0.0,0,0,9.0,0.618181818,True,-0.0818181819999999,1
2015-01-25,4,sewing,Sunday,11,0.75,42.97,532.0,10260,40,0.0,0,0,57.0,0.59114168,True,-0.15885832,1
2015-01-25,4,sewing,Sunday,8,0.5,15.09,1557.0,720,23,0.0,0,0,52.0,0.500061916,True,6.191600000005071e-05,1
2015-01-25,4,finishing,Sunday,8,0.8,2.9,0.0,720,0,0.0,0,0,4.0,0.329545455,True,-0.47045454500000006,1
2015-01-26,4,finishing,Monday,3,0.75,3.94,0.0,1800,0,0.0,0,0,10.0,1.059621212,True,0.3096212119999999,4
2015-01-26,4,finishing,Monday,10,0.75,3.94,0.0,3780,0,0.0,0,0,21.0,0.997792208,True,0.247792208,4
2015-01-26,4,finishing,Monday,4,0.75,4.3,0.0,2160,0,0.0,0,0,12.0,0.963699495,True,0.21369949499999996,4
2015-01-26,4,finishing,Monday,5,0.7,4.15,0.0,2700,0,0.0,0,0,15.0,0.959191919,True,0.25919191900000005,4
2015-01-26,4,finishing,Monday,2,0.75,3.94,0.0,1800,0,0.0,0,0,10.0,0.910378788,True,0.16037878800000005,4
2015-01-26,4,finishing,Monday,1,0.7,3.94,0.0,1800,0,0.0,0,0,10.0,0.910378788,True,0.2103787880000001,4
2015-01-26,4,sewing,Monday,4,0.8,22.52,1016.0,10170,60,0.0,0,0,56.5,0.850312684,True,0.050312683999999996,3
2015-01-26,4,sewing,Monday,6,0.8,11.61,1072.0,5760,50,0.0,0,0,32.0,0.800386364,True,0.0003863639999999169,3
2015-01-26,4,sewing,Monday,3,0.75,22.52,1584.0,10260,69,0.0,0,0,57.0,0.80035194,True,0.050351939999999984,3
2015-01-26,4,sewing,Monday,2,0.75,22.94,1764.0,10260,55,0.0,0,0,57.0,0.800034024,True,0.05003402400000001,3
2015-01-26,4,sewing,Monday,1,0.7,22.94,1745.0,10440,60,0.0,0,0,58.0,0.800023511,True,0.10002351100000006,3
2015-01-26,4,sewing,Monday,10,0.75,22.52,1250.0,10080,55,0.0,0,0,56.0,0.800020563,True,0.05002056300000002,3
2015-01-26,4,finishing,Monday,12,0.7,4.08,0.0,1620,0,0.0,0,0,9.0,0.769292929,True,0.06929292900000006,2
2015-01-26,4,sewing,Monday,5,0.75,20.4,1118.0,10320,56,0.0,0,0,58.0,0.750031447,True,3.1447000000017766e-05,2
2015-01-26,4,sewing,Monday,9,0.7,29.12,1143.0,10440,40,0.0,0,0,58.0,0.70061442,True,0.0006144200000000044,2
2015-01-26,4,sewing,Monday,12,0.7,15.26,1337.0,6120,40,0.0,0,0,34.0,0.70043672,True,0.00043672000000005706,2
2015-01-26,4,finishing,Monday,7,0.65,3.94,0.0,1440,0,0.0,0,0,8.0,0.646306818,True,-0.003693182000000017,1
2015-01-26,4,sewing,Monday,8,0.6,15.09,1519.0,360,23,0.0,0,0,52.0,0.600143365,True,0.0001433650000000064,1
2015-01-26,4,sewing,Monday,11,0.35,28.08,749.0,10260,23,0.0,0,0,57.0,0.350066986,True,6.698600000004662e-05,1
2015-01-27,4,sewing,Tuesday,2,0.75,22.52,1635.0,6840,119,0.0,0,0,57.0,1.000230409,True,0.25023040900000004,4
2015-01-27,4,sewing,Tuesday,3,0.75,22.52,1299.0,6840,119,0.0,0,0,57.0,1.000230409,True,0.25023040900000004,4
2015-01-27,4,finishing,Tuesday,10,0.8,3.94,0.0,1440,0,0.0,0,0,12.0,0.979527778,True,0.17952777799999997,4
2015-01-27,4,finishing,Tuesday,4,0.8,4.3,0.0,1440,0,0.0,0,0,12.0,0.940625,True,0.140625,4
2015-01-27,4,finishing,Tuesday,5,0.5,4.15,0.0,1440,0,0.0,0,0,12.0,0.926388889,True,0.42638888900000005,4
2015-01-27,4,sewing,Tuesday,10,0.8,22.52,1134.0,6720,70,0.0,0,0,56.0,0.900129762,True,0.10012976200000001,4
2015-01-27,4,finishing,Tuesday,3,0.75,3.94,0.0,1440,0,0.0,0,0,12.0,0.861875,True,0.11187499999999995,3
2015-01-27,4,sewing,Tuesday,4,0.8,22.52,1106.0,6780,60,0.0,0,0,56.5,0.850312684,True,0.050312683999999996,3
2015-01-27,4,finishing,Tuesday,8,0.65,3.94,0.0,960,0,0.0,0,0,8.0,0.845458333,True,0.19545833299999993,3
2015-01-27,4,finishing,Tuesday,12,0.7,4.15,0.0,1080,0,0.0,0,0,9.0,0.823555556,True,0.12355555600000001,3
2015-01-27,4,finishing,Tuesday,7,0.5,4.15,0.0,960,0,0.0,0,0,8.0,0.803541667,True,0.30354166699999996,3
2015-01-27,4,sewing,Tuesday,1,0.75,22.94,1871.0,6960,55,0.0,0,0,58.0,0.800263218,True,0.050263218,3
2015-01-27,4,finishing,Tuesday,2,0.75,3.94,0.0,1200,0,0.0,0,0,10.0,0.788,True,0.038000000000000034,2
2015-01-27,4,finishing,Tuesday,1,0.75,3.94,0.0,1200,0,0.0,0,0,10.0,0.77815,True,0.02815000000000001,2
2015-01-27,4,sewing,Tuesday,9,0.7,29.12,1294.0,6960,50,0.0,0,0,58.0,0.700386207,True,0.0003862070000000273,2
2015-01-27,4,sewing,Tuesday,12,0.7,15.26,1462.0,4080,40,0.0,0,0,34.0,0.700164706,True,0.00016470600000006996,2
2015-01-27,4,sewing,Tuesday,8,0.65,15.09,976.0,240,23,0.0,0,0,52.0,0.650307143,True,0.0003071430000000097,1
2015-01-27,4,sewing,Tuesday,6,0.8,30.4,338.0,3840,34,0.0,0,0,32.0,0.622828125,True,-0.1771718750000001,1
2015-01-27,4,finishing,Tuesday,6,0.8,2.9,0.0,960,0,0.0,0,0,8.0,0.6225,True,-0.1775,1
2015-01-27,4,sewing,Tuesday,5,0.5,20.79,1455.0,6960,30,0.0,0,0,58.0,0.500035345,True,3.5345000000019944e-05,1
2015-01-27,4,sewing,Tuesday,11,0.5,48.18,1282.0,6480,23,0.0,0,0,54.0,0.37046657,True,-0.12953343,1
2015-01-28,4,sewing,Wednesday,2,0.8,22.52,1559.0,6840,90,0.0,0,0,57.0,1.000230409,True,0.200230409,4
2015-01-28,4,sewing,Wednesday,3,0.8,22.52,1350.0,6840,113,0.0,0,0,57.0,1.000230409,True,0.200230409,4
2015-01-28,4,finishing,Wednesday,6,0.35,2.9,0.0,1800,0,0.0,0,0,15.0,0.977555556,True,0.627555556,4
2015-01-28,4,finishing,Wednesday,1,0.75,3.94,0.0,1200,0,0.0,0,0,10.0,0.9456,True,0.1956,4
2015-01-28,4,finishing,Wednesday,2,0.8,3.94,0.0,1800,0,0.0,0,0,15.0,0.902222222,True,0.10222222199999997,4
2015-01-28,4,sewing,Wednesday,10,0.8,22.52,1175.0,6720,60,0.0,0,0,56.0,0.850532143,True,0.050532142999999974,3
2015-01-28,4,sewing,Wednesday,1,0.75,22.94,1868.0,6960,81,0.0,0,0,58.0,0.850362069,True,0.100362069,3
2015-01-28,4,finishing,Wednesday,10,0.8,3.94,0.0,1200,0,0.0,0,0,10.0,0.840533333,True,0.04053333299999995,3
2015-01-28,4,sewing,Wednesday,5,0.6,20.79,1045.0,6960,88,0.0,0,0,58.0,0.800534483,True,0.20053448299999999,3
2015-01-28,4,sewing,Wednesday,4,0.8,22.52,1342.0,6780,50,0.0,0,0,56.5,0.800489676,True,0.0004896759999999389,3
2015-01-28,4,finishing,Wednesday,12,0.75,4.08,0.0,1080,0,0.0,0,0,9.0,0.755555556,True,0.005555556000000017,2
2015-01-28,4,sewing,Wednesday,9,0.7,29.12,1340.0,6960,63,0.0,0,0,58.0,0.750593103,True,0.050593103000000084,2
2015-01-28,4,sewing,Wednesday,12,0.75,15.26,1429.0,3600,45,0.0,0,0,35.0,0.750283333,True,0.00028333300000005224,2
2015-01-28,4,finishing,Wednesday,4,0.8,4.3,0.0,1440,0,0.0,0,0,12.0,0.722638889,True,-0.0773611110000001,2
2015-01-28,4,finishing,Wednesday,8,0.65,4.15,0.0,960,0,0.0,0,0,8.0,0.553333333,True,-0.09666666700000004,1
2015-01-28,4,sewing,Wednesday,11,0.5,20.1,1413.0,5880,46,0.0,0,0,54.0,0.500567308,True,0.0005673080000000441,1
2015-01-28,4,sewing,Wednesday,8,0.7,38.09,336.0,6240,0,0.0,0,0,52.0,0.467693269,True,-0.23230673099999993,1
2015-01-28,4,sewing,Wednesday,6,0.35,18.79,511.0,1800,23,0.0,0,0,32.0,0.437995338,True,0.08799533800000003,1
2015-01-28,4,finishing,Wednesday,7,0.6,3.94,0.0,960,0,0.0,0,0,8.0,0.406354167,True,-0.193645833,1
2015-01-28,4,sewing,Wednesday,7,0.6,23.54,958.0,6600,0,0.0,0,0,55.0,0.285333333,True,-0.31466666699999996,1
2015-01-28,4,finishing,Wednesday,11,0.5,2.9,0.0,960,0,0.0,0,0,8.0,0.259375,True,-0.24062499999999998,1
2015-01-29,5,sewing,Thursday,2,0.8,22.52,1416.0,6840,113,0.0,0,0,57.0,1.000230409,True,0.200230409,4
2015-01-29,5,finishing,Thursday,4,0.8,4.3,0.0,1200,0,0.0,0,0,10.0,0.989,True,0.18899999999999995,4
2015-01-29,5,sewing,Thursday,3,0.8,22.52,1287.0,6840,100,0.0,0,0,57.0,0.950185965,True,0.15018596499999992,4
2015-01-29,5,sewing,Thursday,4,0.8,22.52,1444.0,6900,88,0.0,0,0,57.5,0.9008,True,0.1008,4
2015-01-29,5,sewing,Thursday,10,0.8,22.52,1088.0,6720,88,0.0,0,0,56.0,0.900129762,True,0.10012976200000001,4
2015-01-29,5,finishing,Thursday,6,0.5,2.9,0.0,1200,0,0.0,0,0,10.0,0.899,True,0.399,3
2015-01-29,5,finishing,Thursday,8,0.65,4.15,0.0,960,0,0.0,0,0,8.0,0.877552083,True,0.22755208299999996,3
2015-01-29,5,finishing,Thursday,11,0.6,2.9,0.0,960,0,0.0,0,0,8.0,0.864583333,True,0.26458333300000003,3
2015-01-29,5,finishing,Thursday,10,0.8,3.94,0.0,1200,0,0.0,0,0,10.0,0.85695,True,0.056949999999999945,3
2015-01-29,5,finishing,Thursday,1,0.75,3.94,0.0,1200,0,0.0,0,0,10.0,0.853666667,True,0.10366666700000005,3
2015-01-29,5,sewing,Thursday,1,0.75,22.94,1579.0,6960,81,0.0,0,0,58.0,0.850362069,True,0.100362069,3
2015-01-29,5,sewing,Thursday,9,0.7,29.12,1170.0,6960,53,0.0,0,0,58.0,0.850170115,True,0.150170115,3
2015-01-29,5,sewing,Thursday,5,0.65,20.79,1015.0,7080,81,0.0,0,0,59.0,0.800473729,True,0.150473729,3
2015-01-29,5,finishing,Thursday,2,0.8,3.94,0.0,1200,0,0.0,0,0,10.0,0.773333333,True,-0.02666666700000009,2
2015-01-29,5,sewing,Thursday,12,0.75,15.26,1436.0,4200,45,0.0,0,0,35.0,0.750646667,True,0.0006466670000000452,2
2015-01-29,5,finishing,Thursday,12,0.75,4.08,0.0,1080,0,0.0,0,0,9.0,0.634666667,True,-0.11533333300000004,1
2015-01-29,5,sewing,Thursday,11,0.6,20.1,1601.0,4320,46,0.0,0,0,51.0,0.60059761,True,0.0005976100000000262,1
2015-01-29,5,sewing,Thursday,6,0.5,18.79,717.0,3960,23,0.0,0,0,33.0,0.500117677,True,0.00011767699999998271,1
2015-01-29,5,finishing,Thursday,3,0.8,3.94,0.0,960,0,0.0,0,0,8.0,0.4925,True,-0.30750000000000005,1
2015-01-29,5,sewing,Thursday,7,0.65,23.54,830.0,6600,0,0.0,0,0,55.0,0.48792,True,-0.16208,1
2015-01-31,5,sewing,Saturday,3,0.8,22.52,1136.0,6960,113,0.0,0,0,58.0,1.000457471,True,0.200457471,4
2015-01-31,5,sewing,Saturday,2,0.8,22.52,1397.0,6840,113,0.0,0,0,57.0,1.000230409,True,0.200230409,4
2015-01-31,5,finishing,Saturday,2,0.8,3.94,0.0,1200,0,0.0,0,0,10.0,0.971866667,True,0.17186666699999997,4
2015-01-31,5,finishing,Saturday,3,0.8,3.94,0.0,960,0,0.0,0,0,8.0,0.971866667,True,0.17186666699999997,4
2015-01-31,5,finishing,Saturday,4,0.8,3.94,0.0,1200,0,0.0,0,0,10.0,0.971866667,True,0.17186666699999997,4
2015-01-31,5,finishing,Saturday,10,0.8,3.94,0.0,1200,0,0.0,0,0,10.0,0.971866667,True,0.17186666699999997,4
2015-01-31,5,finishing,Saturday,1,0.75,3.94,0.0,1800,0,0.0,0,0,15.0,0.971866667,True,0.22186666700000002,4
2015-01-31,5,finishing,Saturday,9,0.75,3.94,0.0,240,0,0.0,0,0,2.0,0.971866667,True,0.22186666700000002,4
2015-01-31,5,finishing,Saturday,12,0.75,4.08,0.0,1080,0,0.0,0,0,9.0,0.971866667,True,0.22186666700000002,4
2015-01-31,5,finishing,Saturday,5,0.7,3.94,0.0,240,0,0.0,0,0,2.0,0.971866667,True,0.27186666700000006,4
2015-01-31,5,finishing,Saturday,7,0.7,3.94,0.0,1200,0,0.0,0,0,10.0,0.971866667,True,0.27186666700000006,4
2015-01-31,5,finishing,Saturday,8,0.65,3.94,0.0,960,0,0.0,0,0,8.0,0.971866667,True,0.321866667,4
2015-01-31,5,finishing,Saturday,11,0.65,3.94,0.0,600,0,0.0,0,0,5.0,0.971866667,True,0.321866667,4
2015-01-31,5,finishing,Saturday,6,0.6,3.94,0.0,1200,0,0.0,0,0,10.0,0.971866667,True,0.37186666700000004,4
2015-01-31,5,sewing,Saturday,10,0.8,22.52,1116.0,6720,93,0.0,0,0,56.0,0.920236905,True,0.12023690499999995,4
2015-01-31,5,sewing,Saturday,4,0.8,22.52,1432.0,6660,88,0.0,0,0,57.5,0.900537069,True,0.10053706899999992,4
2015-01-31,5,sewing,Saturday,9,0.75,29.12,1082.0,6840,81,0.0,0,0,57.0,0.850610526,True,0.10061052599999998,3
2015-01-31,5,sewing,Saturday,1,0.75,22.94,1502.0,6960,81,0.0,0,0,58.0,0.850362069,True,0.100362069,3
2015-01-31,5,sewing,Saturday,12,0.75,15.26,1209.0,4200,45,0.0,0,0,35.0,0.750646667,True,0.0006466670000000452,2
2015-01-31,5,sewing,Saturday,5,0.7,50.89,282.0,5880,56,0.0,0,0,59.0,0.656763743,True,-0.043236257,1
2015-01-31,5,sewing,Saturday,11,0.65,20.1,1417.0,6480,49,0.0,0,0,54.0,0.650148148,True,0.0001481479999999591,1
2015-01-31,5,sewing,Saturday,6,0.6,18.79,799.0,3960,23,0.0,0,0,33.0,0.600710606,True,0.000710606000000058,1
2015-01-31,5,sewing,Saturday,7,0.7,23.54,1109.0,6720,0,0.0,0,0,56.0,0.388830357,True,-0.31116964299999994,1
2015-01-31,5,sewing,Saturday,8,0.5,23.54,1144.0,6480,0,0.0,0,0,54.0,0.286984568,True,-0.213015432,1
2015-02-01,1,finishing,Sunday,8,0.65,4.15,0.0,960,0,0.0,0,0,8.0,1.0115625,True,0.3615624999999999,4
2015-02-01,1,sewing,Sunday,2,0.8,22.52,1396.0,6900,113,0.0,0,0,57.5,1.000671304,True,0.20067130399999988,4
2015-02-01,1,sewing,Sunday,1,0.8,22.94,1582.0,3060,113,0.0,0,0,58.5,1.000402055,True,0.20040205499999986,4
2015-02-01,1,finishing,Sunday,1,0.75,3.94,0.0,2280,0,0.0,0,0,19.0,0.950438596,True,0.20043859600000002,4
2015-02-01,1,sewing,Sunday,3,0.8,22.52,1124.0,6840,100,0.0,0,0,57.0,0.950185965,True,0.15018596499999992,4
2015-02-01,1,finishing,Sunday,2,0.8,3.94,0.0,1200,0,0.0,0,0,10.0,0.912766667,True,0.11276666699999993,4
2015-02-01,1,finishing,Sunday,7,0.7,3.94,0.0,2160,0,0.0,0,0,18.0,0.892194444,True,0.19219444400000008,3
2015-02-01,1,finishing,Sunday,10,0.8,3.94,0.0,1200,0,0.0,0,0,10.0,0.8865,True,0.08649999999999991,3
2015-02-01,1,sewing,Sunday,10,0.8,22.52,1282.0,6720,75,0.0,0,0,56.0,0.850532143,True,0.050532142999999974,3
2015-02-01,1,sewing,Sunday,4,0.8,22.52,1472.0,7020,60,0.0,0,0,58.5,0.85011396,True,0.0501139599999999,3
2015-02-01,1,finishing,Sunday,4,0.8,4.3,0.0,1440,0,0.0,0,0,12.0,0.845069444,True,0.0450694439999999,3
2015-02-01,1,sewing,Sunday,9,0.75,29.12,1282.0,6960,45,0.0,0,0,58.0,0.750593103,True,0.0005931030000000392,2
2015-02-01,1,sewing,Sunday,12,0.75,15.26,1276.0,1440,45,0.0,0,0,35.0,0.750450658,True,0.0004506579999999927,2
2015-02-01,1,finishing,Sunday,12,0.75,4.08,0.0,1080,0,0.0,0,0,9.0,0.702666667,True,-0.04733333299999998,2
2015-02-01,1,sewing,Sunday,11,0.7,20.1,1192.0,6120,75,0.0,0,0,54.0,0.700508929,True,0.0005089289999999913,2
2015-02-01,1,sewing,Sunday,6,0.65,18.79,881.0,3960,26,0.0,0,0,33.0,0.651007071,True,0.0010070709999999705,1
2015-02-01,1,sewing,Sunday,8,0.6,24.26,1196.0,6600,0,0.0,0,0,55.0,0.466821212,True,-0.133178788,1
2015-02-01,1,sewing,Sunday,7,0.7,24.26,1400.0,6720,0,0.0,0,0,56.0,0.411553571,True,-0.28844642899999995,1
2015-02-01,1,finishing,Sunday,6,0.6,2.9,0.0,1200,0,0.0,0,0,10.0,0.314166667,True,-0.28583333299999997,1
2015-02-02,1,sewing,Monday,1,0.8,22.94,586.0,7020,113,0.0,0,0,58.5,1.000602279,True,0.20060227899999994,4
2015-02-02,1,finishing,Monday,9,0.75,3.94,0.0,960,0,0.0,0,0,8.0,0.994270833,True,0.24427083299999997,4
2015-02-02,1,sewing,Monday,2,0.8,22.52,586.0,7020,88,0.0,0,0,58.5,0.900158405,True,0.10015840499999995,4
2015-02-02,1,sewing,Monday,3,0.8,22.52,586.0,6840,70,0.0,0,0,57.0,0.90014152,True,0.10014151999999998,4
2015-02-02,1,sewing,Monday,10,0.8,22.52,586.0,6720,88,0.0,0,0,56.0,0.900129762,True,0.10012976200000001,4
2015-02-02,1,finishing,Monday,10,0.8,3.94,0.0,1200,0,0.0,0,0,10.0,0.85695,True,0.056949999999999945,3
2015-02-02,1,finishing,Monday,4,0.8,4.3,0.0,1440,0,0.0,0,0,12.0,0.809236111,True,0.009236110999999991,3
2015-02-02,1,sewing,Monday,12,0.8,15.26,586.0,3600,63,0.0,0,0,35.0,0.800401961,True,0.00040196100000000623,3
2015-02-02,1,sewing,Monday,4,0.8,22.52,586.0,5940,50,0.0,0,0,56.5,0.800393224,True,0.0003932239999999698,3
2015-02-02,1,sewing,Monday,9,0.75,29.12,586.0,6960,55,0.0,0,0,58.0,0.799963218,True,0.04996321800000003,2
2015-02-02,1,finishing,Monday,12,0.75,4.08,0.0,1080,0,0.0,0,0,9.0,0.740444444,True,-0.00955555600000002,2
2015-02-02,1,sewing,Monday,11,0.7,20.55,586.0,6480,60,0.0,0,0,54.0,0.700398148,True,0.0003981480000000426,2
2015-02-02,1,sewing,Monday,6,0.7,18.79,586.0,3960,30,0.0,0,0,33.0,0.700354545,True,0.0003545450000000949,2
2015-02-02,1,finishing,Monday,8,0.65,4.15,0.0,960,0,0.0,0,0,8.0,0.561979167,True,-0.08802083300000008,1
2015-02-02,1,finishing,Monday,1,0.75,3.94,0.0,2280,0,0.0,0,0,19.0,0.504596491,True,-0.24540350899999996,1
2015-02-02,1,sewing,Monday,5,0.5,30.1,839.0,6960,0,0.0,0,0,58.0,0.500801724,True,0.0008017240000000037,1
2015-02-02,1,sewing,Monday,7,0.7,24.26,2698.0,6720,0,0.0,0,0,56.0,0.295307738,True,-0.40469226199999997,1
2015-02-02,1,finishing,Monday,6,0.6,2.9,0.0,1200,0,0.0,0,0,10.0,0.280333333,True,-0.31966666699999996,1
2015-02-02,1,sewing,Monday,8,0.65,24.26,1435.0,6600,0,0.0,0,0,55.0,0.260978788,True,-0.389021212,1
2015-02-03,1,finishing,Tuesday,2,0.8,3.94,0.0,2400,0,0.0,0,0,20.0,1.001416667,True,0.20141666699999994,4
2015-02-03,1,sewing,Tuesday,1,0.8,22.52,1500.0,6900,113,0.0,0,0,57.5,1.000018551,True,0.20001855099999988,4
2015-02-03,1,sewing,Tuesday,10,0.8,22.52,1188.0,6720,90,0.0,0,0,56.0,0.999995238,True,0.19999523799999996,4
2015-02-03,1,finishing,Tuesday,1,0.8,3.94,0.0,1200,0,0.0,0,0,10.0,0.99485,True,0.19484999999999997,4
2015-02-03,1,finishing,Tuesday,8,0.7,4.15,0.0,960,0,0.0,0,0,8.0,0.976979167,True,0.276979167,4
2015-02-03,1,sewing,Tuesday,3,0.8,22.52,1112.0,6840,100,0.0,0,0,57.0,0.950185965,True,0.15018596499999992,4
2015-02-03,1,sewing,Tuesday,2,0.8,22.52,1452.0,6960,100,0.0,0,0,58.0,0.949981609,True,0.1499816089999999,4
2015-02-03,1,finishing,Tuesday,9,0.75,3.94,0.0,1320,0,0.0,0,0,11.0,0.919954545,True,0.16995454499999996,4
2015-02-03,1,sewing,Tuesday,4,0.8,22.52,340.0,5460,63,0.0,0,0,56.5,0.800434622,True,0.0004346219999999956,3
2015-02-03,1,sewing,Tuesday,12,0.8,15.26,1029.0,2040,50,0.0,0,0,35.0,0.800259023,True,0.00025902299999991385,3
2015-02-03,1,finishing,Tuesday,12,0.8,4.08,0.0,1080,0,0.0,0,0,9.0,0.778222222,True,-0.021777778000000025,2
2015-02-03,1,sewing,Tuesday,9,0.75,29.12,1070.0,6960,34,0.0,0,0,58.0,0.750593103,True,0.0005931030000000392,2
2015-02-03,1,sewing,Tuesday,11,0.7,25.31,946.0,5760,60,0.0,0,0,54.0,0.700513566,True,0.0005135660000000764,2
2015-02-03,1,sewing,Tuesday,6,0.7,18.79,913.0,4020,30,0.0,0,0,33.5,0.700184577,True,0.0001845770000000746,2
2015-02-03,1,sewing,Tuesday,8,0.7,24.26,1363.0,6660,0,0.0,0,0,55.5,0.586465465,True,-0.11353453499999999,1
2015-02-03,1,sewing,Tuesday,7,0.7,24.26,1639.0,6720,0,0.0,0,0,56.0,0.541517857,True,-0.15848214299999996,1
2015-02-03,1,finishing,Tuesday,4,0.8,4.3,0.0,1440,0,0.0,0,0,12.0,0.5375,True,-0.26250000000000007,1
2015-02-03,1,finishing,Tuesday,6,0.7,2.9,0.0,960,0,0.0,0,0,8.0,0.495416667,True,-0.20458333299999998,1
2015-02-03,1,sewing,Tuesday,5,0.6,30.1,415.0,6960,0,0.0,0,0,58.0,0.415172414,True,-0.184827586,1
2015-02-04,1,sewing,Wednesday,2,0.8,22.52,1263.0,6900,100,0.0,0,0,57.5,1.05028058,True,0.25028057999999986,4
2015-02-04,1,sewing,Wednesday,3,0.8,22.52,968.0,6840,113,0.0,0,0,57.0,1.000230409,True,0.200230409,4
2015-02-04,1,sewing,Wednesday,10,0.8,22.52,1108.0,6720,113,0.0,0,0,56.0,0.999995238,True,0.19999523799999996,4
2015-02-04,1,finishing,Wednesday,2,0.8,3.94,0.0,2160,0,0.0,0,0,18.0,0.966759259,True,0.166759259,4
2015-02-04,1,finishing,Wednesday,1,0.8,3.94,0.0,1200,0,0.0,0,0,10.0,0.929183333,True,0.12918333299999996,4
2015-02-04,1,finishing,Wednesday,8,0.7,4.15,0.0,3000,0,0.0,0,0,25.0,0.915766667,True,0.21576666700000002,4
2015-02-04,1,sewing,Wednesday,1,0.8,22.52,1532.0,6900,88,0.0,0,0,57.5,0.900147246,True,0.10014724599999991,4
2015-02-04,1,sewing,Wednesday,12,0.8,15.26,1094.0,4080,38,0.0,0,0,34.0,0.800401961,True,0.00040196100000000623,3
2015-02-04,1,sewing,Wednesday,9,0.8,22.52,1086.0,6960,50,0.0,0,0,58.0,0.799963218,True,-3.678200000001297e-05,2
2015-02-04,1,finishing,Wednesday,7,0.7,3.94,0.0,960,0,0.0,0,0,8.0,0.779791667,True,0.07979166700000007,2
2015-02-04,1,finishing,Wednesday,9,0.75,3.94,0.0,960,0,0.0,0,0,8.0,0.755166667,True,0.005166667000000014,2
2015-02-04,1,sewing,Wednesday,6,0.7,18.79,941.0,3360,30,0.0,0,0,33.0,0.700710417,True,0.0007104170000000742,2
2015-02-04,1,sewing,Wednesday,7,0.7,24.26,1471.0,6960,0,0.0,0,0,58.0,0.700612069,True,0.0006120689999999929,2
2015-02-04,1,sewing,Wednesday,11,0.7,10.05,1042.0,6120,60,0.0,0,0,53.0,0.700278846,True,0.00027884600000005477,2
2015-02-04,1,sewing,Wednesday,8,0.7,29.12,1248.0,6840,0,0.0,0,0,57.0,0.700135088,True,0.00013508800000006094,2
2015-02-04,1,finishing,Wednesday,12,0.8,4.08,0.0,1080,0,0.0,0,0,9.0,0.687555556,True,-0.11244444400000009,1
2015-02-04,1,sewing,Wednesday,5,0.65,30.1,326.0,5820,0,90.0,10,0,58.5,0.650834808,True,0.0008348080000000202,1
2015-02-04,1,finishing,Wednesday,6,0.7,2.9,0.0,960,0,0.0,0,0,8.0,0.531666667,True,-0.16833333299999997,1
2015-02-04,1,sewing,Wednesday,4,0.35,30.1,287.0,6060,23,150.0,15,0,55.5,0.350706422,True,0.0007064220000000399,1
2015-02-05,1,sewing,Thursday,2,0.8,22.52,1300.0,6780,113,0.0,0,0,56.5,1.000446018,True,0.20044601800000006,4
2015-02-05,1,sewing,Thursday,1,0.8,22.52,1485.0,6900,113,0.0,0,0,57.5,1.000018551,True,0.20001855099999988,4
2015-02-05,1,sewing,Thursday,10,0.8,22.52,1039.0,6720,113,0.0,0,0,56.0,0.999995238,True,0.19999523799999996,4
2015-02-05,1,finishing,Thursday,2,0.8,3.94,0.0,2640,0,0.0,0,0,22.0,0.999924242,True,0.19992424199999992,4
2015-02-05,1,sewing,Thursday,3,0.8,22.52,1063.0,6840,100,0.0,0,0,57.0,0.950185965,True,0.15018596499999992,4
2015-02-05,1,finishing,Thursday,6,0.7,2.9,0.0,960,0,0.0,0,0,8.0,0.9425,True,0.24250000000000005,4
2015-02-05,1,finishing,Thursday,12,0.8,4.08,0.0,1080,0,0.0,0,0,9.0,0.906666667,True,0.10666666699999994,4
2015-02-05,1,finishing,Thursday,7,0.7,3.94,0.0,1200,0,0.0,0,0,10.0,0.8471,True,0.1471,3
2015-02-05,1,finishing,Thursday,1,0.8,3.94,0.0,1440,0,0.0,0,0,12.0,0.845458333,True,0.045458332999999906,3
2015-02-05,1,sewing,Thursday,12,0.8,15.26,1083.0,720,38,0.0,0,0,34.0,0.800612676,True,0.0006126759999999232,3
2015-02-05,1,sewing,Thursday,9,0.8,29.12,1069.0,6960,50,0.0,0,0,58.0,0.799963218,True,-3.678200000001297e-05,2
2015-02-05,1,finishing,Thursday,10,0.8,3.94,0.0,960,0,0.0,0,0,8.0,0.771583333,True,-0.028416667000000007,2
2015-02-05,1,sewing,Thursday,11,0.75,10.05,668.0,2520,34,0.0,0,0,26.0,0.7504,True,0.00039999999999995595,2
2015-02-05,1,sewing,Thursday,6,0.7,18.79,766.0,2760,30,0.0,0,0,33.0,0.700079032,True,7.903200000003441e-05,2
2015-02-05,1,sewing,Thursday,5,0.7,30.1,557.0,6960,0,0.0,0,0,58.0,0.562212644,True,-0.13778735599999992,1
2015-02-05,1,sewing,Thursday,7,0.07,24.26,1608.0,6960,0,0.0,0,0,58.0,0.522844828,True,0.452844828,1
2015-02-05,1,sewing,Thursday,4,0.5,30.1,417.0,6360,23,0.0,0,1,53.0,0.500720126,True,0.0007201260000000431,1
2015-02-05,1,sewing,Thursday,8,0.7,24.26,1167.0,6840,0,0.0,0,0,57.0,0.496549708,True,-0.20345029199999998,1
2015-02-07,1,finishing,Saturday,2,0.8,3.94,0.0,3000,0,0.0,0,0,25.0,1.050666667,True,0.25066666699999995,4
2015-02-07,1,sewing,Saturday,2,0.8,22.52,1186.0,6900,113,0.0,0,0,58.0,1.000018551,True,0.20001855099999988,4
2015-02-07,1,sewing,Saturday,3,0.8,22.52,1060.0,6840,100,0.0,0,0,57.0,0.950185965,True,0.15018596499999992,4
2015-02-07,1,sewing,Saturday,1,0.8,22.52,1534.0,6780,88,0.0,0,0,57.0,0.900135693,True,0.10013569299999991,4
2015-02-07,1,sewing,Saturday,10,0.8,22.52,1142.0,6720,88,0.0,0,0,56.0,0.900129762,True,0.10012976200000001,4
2015-02-07,1,finishing,Saturday,12,0.8,4.08,0.0,1080,0,0.0,0,0,9.0,0.899111111,True,0.09911111099999992,3
2015-02-07,1,finishing,Saturday,1,0.8,3.94,0.0,1200,0,0.0,0,0,10.0,0.870083333,True,0.07008333299999991,3
2015-02-07,1,finishing,Saturday,6,0.75,2.9,0.0,960,0,0.0,0,0,8.0,0.845833333,True,0.09583333299999997,3
2015-02-07,1,sewing,Saturday,12,0.8,15.26,1021.0,4080,63,0.0,0,0,34.0,0.800401961,True,0.00040196100000000623,3
2015-02-07,1,sewing,Saturday,9,0.8,29.12,829.0,6960,50,0.0,0,0,58.0,0.799963218,True,-3.678200000001297e-05,2
2015-02-07,1,finishing,Saturday,9,0.8,3.94,0.0,960,0,0.0,0,0,8.0,0.771583333,True,-0.028416667000000007,2
2015-02-07,1,sewing,Saturday,6,0.75,18.79,813.0,1560,34,0.0,0,0,33.0,0.750520115,True,0.0005201150000000432,2
2015-02-07,1,sewing,Saturday,11,0.75,10.05,677.0,3240,45,0.0,0,0,27.0,0.750027778,True,2.777799999997832e-05,2
2015-02-07,1,finishing,Saturday,7,0.7,3.94,0.0,1200,0,0.0,0,0,10.0,0.715766667,True,0.015766667000000067,2
2015-02-07,1,sewing,Saturday,7,0.7,24.26,658.0,6960,0,270.0,45,0,58.0,0.662270115,True,-0.03772988499999996,1
2015-02-07,1,sewing,Saturday,4,0.6,30.1,486.0,6780,30,0.0,0,1,57.0,0.600224189,True,0.00022418899999998576,1
2015-02-07,1,sewing,Saturday,5,0.7,30.1,687.0,7500,0,0.0,0,0,59.0,0.545657673,True,-0.15434232699999995,1
2015-02-07,1,finishing,Saturday,4,0.8,4.3,0.0,960,0,0.0,0,0,8.0,0.447916667,True,-0.35208333300000005,1
2015-02-07,1,sewing,Saturday,8,0.7,24.26,652.0,6840,0,300.0,37,0,57.0,0.365318713,True,-0.33468128699999994,1
2015-02-08,2,sewing,Sunday,2,0.8,22.52,1233.0,6900,113,0.0,0,0,57.5,1.000018551,True,0.20001855099999988,4
2015-02-08,2,finishing,Sunday,7,0.7,4.15,0.0,1440,0,0.0,0,0,12.0,0.928680556,True,0.22868055600000003,4
2015-02-08,2,sewing,Sunday,10,0.8,22.52,1388.0,6720,88,0.0,0,0,56.0,0.9008,True,0.1008,4
2015-02-08,2,sewing,Sunday,1,0.8,22.52,1615.0,6780,88,0.0,0,0,56.5,0.900135693,True,0.10013569299999991,4
2015-02-08,2,sewing,Sunday,3,0.8,22.52,1283.0,6720,88,0.0,0,0,56.0,0.900129762,True,0.10012976200000001,4
2015-02-08,2,finishing,Sunday,1,0.8,3.94,0.0,1200,0,0.0,0,0,10.0,0.893066667,True,0.09306666699999999,3
2015-02-08,2,finishing,Sunday,12,0.8,4.08,0.0,1080,0,0.0,0,0,9.0,0.891555556,True,0.09155555599999998,3
2015-02-08,2,finishing,Sunday,2,0.8,3.94,0.0,2160,0,0.0,0,0,18.0,0.875555556,True,0.07555555599999997,3
2015-02-08,2,finishing,Sunday,8,0.7,4.15,0.0,1800,0,0.0,0,0,15.0,0.840888889,True,0.14088888900000007,3
2015-02-08,2,sewing,Sunday,12,0.8,15.26,1026.0,2880,63,0.0,0,0,34.0,0.800355208,True,0.00035520799999999575,3
2015-02-08,2,sewing,Sunday,9,0.8,29.12,909.0,6960,50,0.0,0,0,58.0,0.799963218,True,-3.678200000001297e-05,2
2015-02-08,2,sewing,Sunday,6,0.75,18.79,670.0,3960,34,0.0,0,0,33.0,0.75065101,True,0.0006510100000000074,2
2015-02-08,2,sewing,Sunday,11,0.75,10.05,629.0,3240,45,0.0,0,0,27.0,0.750027778,True,2.777799999997832e-05,2
2015-02-08,2,sewing,Sunday,5,0.7,30.1,754.0,7020,0,0.0,0,0,58.5,0.700618234,True,0.0006182340000000508,2
2015-02-08,2,finishing,Sunday,6,0.75,2.9,0.0,960,0,0.0,0,0,8.0,0.610208333,True,-0.139791667,1
2015-02-08,2,finishing,Sunday,9,0.8,3.94,0.0,960,0,0.0,0,0,8.0,0.607416667,True,-0.19258333300000008,1
2015-02-08,2,sewing,Sunday,4,0.65,30.1,712.0,6780,44,0.0,0,1,56.5,0.568259587,True,-0.08174041300000001,1
2015-02-08,2,sewing,Sunday,7,0.7,24.26,148.0,6960,0,0.0,0,0,58.0,0.355534483,True,-0.34446551699999994,1
2015-02-08,2,sewing,Sunday,8,0.7,24.26,154.0,6840,0,0.0,0,0,57.0,0.353259649,True,-0.34674035099999995,1
2015-02-09,2,finishing,Monday,2,0.8,3.94,0.0,2160,0,0.0,0,0,18.0,1.057962963,True,0.257962963,4
2015-02-09,2,finishing,Monday,1,0.8,3.94,0.0,1200,0,0.0,0,0,10.0,0.962016667,True,0.16201666699999995,4
2015-02-09,2,sewing,Monday,10,0.8,22.52,1127.0,120,88,0.0,0,0,56.0,0.9008,True,0.1008,4
2015-02-09,2,sewing,Monday,1,0.8,22.52,1506.0,3600,70,0.0,0,0,57.0,0.900509044,True,0.10050904399999994,4
2015-02-09,2,sewing,Monday,2,0.8,22.52,1413.0,360,70,0.0,0,0,57.0,0.900477825,True,0.10047782499999991,4
2015-02-09,2,finishing,Monday,6,0.75,2.9,0.0,960,0,0.0,0,0,8.0,0.888125,True,0.13812500000000005,3
2015-02-09,2,sewing,Monday,12,0.8,15.26,970.0,4080,63,0.0,0,0,34.0,0.800401961,True,0.00040196100000000623,3
2015-02-09,2,sewing,Monday,3,0.8,22.52,1271.0,5400,50,0.0,0,0,57.0,0.800161172,True,0.00016117199999998721,3
2015-02-09,2,sewing,Monday,9,0.8,29.12,1073.0,6960,50,0.0,0,0,58.0,0.799963218,True,-3.678200000001297e-05,2
2015-02-09,2,sewing,Monday,4,0.7,30.1,767.0,3300,50,0.0,0,1,57.0,0.790003236,True,0.09000323600000004,2
2015-02-09,2,sewing,Monday,11,0.75,10.05,103.0,0,45,0.0,0,0,54.0,0.750648148,False,0.000648148000000015,2
2015-02-09,2,finishing,Monday,8,0.35,4.15,0.0,1800,0,0.0,0,0,15.0,0.707111111,True,0.35711111100000004,2
2015-02-09,2,sewing,Monday,5,0.7,30.1,773.0,7020,40,0.0,0,0,58.0,0.700618234,True,0.0006182340000000508,2
2015-02-09,2,finishing,Monday,9,0.8,3.94,0.0,960,0,0.0,0,0,8.0,0.697708333,True,-0.10229166700000003,1
2015-02-09,2,sewing,Monday,6,0.75,18.79,708.0,4080,0,0.0,0,0,34.0,0.612517157,True,-0.13748284300000002,1
2015-02-09,2,sewing,Monday,7,0.35,30.1,842.0,6960,0,0.0,0,1,58.0,0.350301724,True,0.0003017240000000032,1
2015-02-09,2,sewing,Monday,8,0.35,30.1,901.0,6960,0,0.0,0,1,58.0,0.350301724,True,0.0003017240000000032,1
2015-02-09,2,finishing,Monday,12,0.8,4.08,0.0,1080,0,0.0,0,0,9.0,0.272,True,-0.528,1
2015-02-10,2,finishing,Tuesday,12,0.8,4.08,0.0,1080,0,0.0,0,0,9.0,1.004888889,True,0.20488888900000002,4
2015-02-10,2,finishing,Tuesday,2,0.8,3.94,0.0,2160,0,0.0,0,0,18.0,0.966759259,True,0.166759259,4
2015-02-10,2,sewing,Tuesday,10,0.8,22.52,1268.0,0,88,0.0,0,0,56.0,0.90063244,False,0.10063243999999993,4
2015-02-10,2,sewing,Tuesday,1,0.8,22.52,1546.0,0,88,0.0,0,0,57.0,0.90047076,False,0.10047075999999999,4
2015-02-10,2,sewing,Tuesday,3,0.8,22.52,813.0,0,88,0.0,0,0,57.0,0.90047076,False,0.10047075999999999,4
2015-02-10,2,sewing,Tuesday,2,0.8,22.52,1512.0,0,88,0.0,0,0,57.0,0.899984058,False,0.09998405799999999,3
2015-02-10,2,finishing,Tuesday,1,0.8,3.94,0.0,1440,0,0.0,0,0,12.0,0.853666667,True,0.053666667,3
2015-02-10,2,sewing,Tuesday,9,0.8,29.12,1263.0,2160,38,0.0,0,0,58.0,0.8008,True,0.0007999999999999119,3
2015-02-10,2,sewing,Tuesday,12,0.8,15.26,900.0,4080,50,0.0,0,0,34.0,0.800401961,True,0.00040196100000000623,3
2015-02-10,2,finishing,Tuesday,4,0.7,4.15,0.0,1800,0,0.0,0,0,15.0,0.796755556,True,0.09675555600000008,2
2015-02-10,2,sewing,Tuesday,6,0.75,18.79,640.0,2400,0,0.0,0,0,34.0,0.750797009,True,0.0007970090000000152,2
2015-02-10,2,sewing,Tuesday,11,0.8,10.05,13.0,3240,34,0.0,0,0,54.0,0.750648148,True,-0.04935185200000003,2
2015-02-10,2,sewing,Tuesday,5,0.75,30.1,855.0,7020,45,0.0,0,0,58.0,0.750356125,True,0.00035612500000004044,2
2015-02-10,2,finishing,Tuesday,8,0.35,4.15,0.0,960,0,0.0,0,0,8.0,0.703770833,True,0.353770833,2
2015-02-10,2,sewing,Tuesday,4,0.7,30.1,855.0,7020,40,0.0,0,1,58.0,0.700618234,True,0.0006182340000000508,2
2015-02-10,2,finishing,Tuesday,9,0.8,3.94,0.0,960,0,0.0,0,0,8.0,0.6895,True,-0.11050000000000004,1
2015-02-10,2,finishing,Tuesday,6,0.75,2.9,0.0,960,0,0.0,0,0,8.0,0.628333333,True,-0.12166666699999995,1
2015-02-10,2,sewing,Tuesday,7,0.5,30.1,1025.0,6960,23,0.0,0,1,58.0,0.500801724,True,0.0008017240000000037,1
2015-02-10,2,sewing,Tuesday,8,0.5,30.1,1061.0,6960,30,0.0,0,1,58.0,0.393548851,True,-0.10645114900000002,1
2015-02-11,2,finishing,Wednesday,4,0.7,4.15,0.0,1800,0,0.0,0,0,15.0,1.033155556,True,0.33315555600000013,4
2015-02-11,2,finishing,Wednesday,12,0.8,4.08,0.0,1080,0,0.0,0,0,9.0,1.02,True,0.21999999999999997,4
2015-02-11,2,sewing,Wednesday,2,0.8,22.52,1557.0,0,90,0.0,0,0,57.5,1.000344928,False,0.20034492800000003,4
2015-02-11,2,sewing,Wednesday,1,0.8,22.52,1498.0,0,113,0.0,0,0,57.0,1.000065789,False,0.20006578899999994,4
2015-02-11,2,finishing,Wednesday,8,0.35,4.15,0.0,1440,0,0.0,0,0,12.0,0.994375,True,0.644375,4
2015-02-11,2,finishing,Wednesday,2,0.8,3.94,0.0,2160,0,0.0,0,0,18.0,0.912037037,True,0.112037037,4
2015-02-11,2,finishing,Wednesday,5,0.7,4.15,0.0,240,0,0.0,0,0,2.0,0.87,True,0.17000000000000004,3
2015-02-11,2,sewing,Wednesday,10,0.8,22.52,598.0,0,75,0.0,0,0,56.0,0.850364583,False,0.05036458299999991,3
2015-02-11,2,sewing,Wednesday,6,0.8,18.79,656.0,3480,38,0.0,0,0,34.0,0.800947475,True,0.0009474749999999199,3
2015-02-11,2,sewing,Wednesday,12,0.8,15.26,854.0,4080,50,0.0,0,0,34.0,0.800401961,True,0.00040196100000000623,3
2015-02-11,2,sewing,Wednesday,9,0.8,29.12,609.0,3240,50,0.0,0,0,58.0,0.800144144,True,0.0001441439999999572,3
2015-02-11,2,sewing,Wednesday,5,0.75,30.1,788.0,7380,56,0.0,0,0,59.5,0.750406233,True,0.0004062329999999781,2
2015-02-11,2,sewing,Wednesday,8,0.6,30.1,1069.0,4560,30,0.0,0,1,58.0,0.714410494,True,0.11441049400000003,2
2015-02-11,2,sewing,Wednesday,4,0.7,30.1,667.0,5940,40,0.0,0,1,59.5,0.700588406,True,0.0005884060000000968,2
2015-02-11,2,finishing,Wednesday,1,0.8,3.94,0.0,1440,0,0.0,0,0,12.0,0.618361111,True,-0.18163888900000003,1
2015-02-11,2,sewing,Wednesday,7,0.6,30.1,829.0,3360,23,0.0,0,1,58.0,0.600070513,True,7.051300000004979e-05,1
2015-02-11,2,finishing,Wednesday,9,0.8,3.94,0.0,960,0,0.0,0,0,8.0,0.54175,True,-0.2582500000000001,1
2015-02-11,2,sewing,Wednesday,3,0.8,22.52,11.0,6840,0,0.0,0,1,57.0,0.536901754,True,-0.2630982460000001,1
2015-02-11,2,sewing,Wednesday,11,0.35,11.41,434.0,3240,0,0.0,0,1,52.0,0.507903226,True,0.15790322600000006,1
2015-02-12,2,sewing,Thursday,1,0.8,22.52,1397.0,0,0,0.0,0,0,57.0,1.100483918,False,0.30048391799999985,4
2015-02-12,2,finishing,Thursday,4,0.7,4.15,0.0,1800,0,0.0,0,0,15.0,1.096633333,True,0.39663333300000003,4
2015-02-12,2,sewing,Thursday,2,0.8,22.52,1327.0,0,113,0.0,0,0,57.5,1.000344928,False,0.20034492800000003,4
2015-02-12,2,finishing,Thursday,12,0.8,4.08,0.0,1080,0,0.0,0,0,9.0,0.838666667,True,0.03866666699999999,3
2015-02-12,2,sewing,Thursday,12,0.8,15.26,894.0,4080,50,0.0,0,0,34.0,0.800401961,True,0.00040196100000000623,3
2015-02-12,2,finishing,Thursday,8,0.35,4.15,0.0,1440,0,0.0,0,0,12.0,0.755486111,True,0.405486111,2
2015-02-12,2,sewing,Thursday,5,0.75,30.1,610.0,7080,56,0.0,0,0,59.0,0.750799435,True,0.000799435000000015,2
2015-02-12,2,sewing,Thursday,6,0.8,18.79,779.0,3960,0,0.0,0,0,33.0,0.688017677,True,-0.111982323,1
2015-02-12,2,finishing,Thursday,1,0.8,3.94,0.0,1440,0,0.0,0,0,12.0,0.664875,True,-0.13512500000000005,1
2015-02-12,2,finishing,Thursday,9,0.8,3.94,0.0,960,0,0.0,0,0,8.0,0.656666667,True,-0.14333333300000006,1
2015-02-12,2,sewing,Thursday,4,0.7,30.1,419.0,7080,0,0.0,0,1,59.0,0.637711864,True,-0.06228813599999994,1
2015-02-12,2,finishing,Thursday,2,0.8,3.94,0.0,2160,0,0.0,0,0,18.0,0.601944444,True,-0.19805555600000002,1
2015-02-12,2,finishing,Thursday,5,0.7,4.15,0.0,240,0,0.0,0,0,2.0,0.58,True,-0.12,1
2015-02-12,2,sewing,Thursday,7,0.65,30.1,909.0,7080,0,0.0,0,1,59.0,0.535677966,True,-0.11432203400000007,1
2015-02-12,2,sewing,Thursday,11,0.5,11.41,1039.0,2280,0,0.0,0,2,55.0,0.50012336,True,0.0001233600000000168,1
2015-02-12,2,sewing,Thursday,9,0.8,29.12,14.0,6960,0,0.0,0,0,58.0,0.497885057,True,-0.302114943,1
2015-02-12,2,sewing,Thursday,8,0.65,30.1,1193.0,7080,0,0.0,0,1,59.0,0.463403955,True,-0.18659604500000004,1
2015-02-12,2,sewing,Thursday,10,0.8,22.52,10.0,6000,0,0.0,0,0,50.0,0.441392,True,-0.35860800000000004,1
2015-02-12,2,sewing,Thursday,3,0.35,30.1,770.0,6960,0,0.0,0,1,58.0,0.350301724,True,0.0003017240000000032,1
2015-02-14,2,sewing,Saturday,1,0.8,22.52,1416.0,6840,113,0.0,0,0,57.0,1.000230409,True,0.200230409,4
2015-02-14,2,finishing,Saturday,7,0.7,4.15,0.0,1800,0,0.0,0,0,15.0,0.929277778,True,0.22927777800000004,4
2015-02-14,2,finishing,Saturday,4,0.75,4.15,0.0,2400,0,0.0,0,0,20.0,0.902916667,True,0.15291666699999995,4
2015-02-14,2,finishing,Saturday,12,0.8,4.08,0.0,1080,0,0.0,0,0,9.0,0.800888889,True,0.0008888889999999483,3
2015-02-14,2,sewing,Saturday,12,0.8,15.26,942.0,4080,63,0.0,0,0,34.0,0.800401961,True,0.00040196100000000623,3
2015-02-14,2,sewing,Saturday,2,0.8,22.52,674.0,3660,63,0.0,0,0,57.0,0.80037492,True,0.0003749199999999453,3
2015-02-14,2,finishing,Saturday,1,0.8,3.94,0.0,1440,0,0.0,0,0,12.0,0.796208333,True,-0.0037916669999999986,2
2015-02-14,2,sewing,Saturday,4,0.75,30.1,481.0,7140,0,0.0,0,1,59.0,0.750392157,True,0.0003921569999999486,2
2015-02-14,2,sewing,Saturday,5,0.75,30.1,664.0,7140,56,0.0,0,0,59.0,0.750392157,True,0.0003921569999999486,2
2015-02-14,2,finishing,Saturday,8,0.7,4.15,0.0,960,0,0.0,0,0,8.0,0.725625,True,0.02562500000000001,2
2015-02-14,2,sewing,Saturday,8,0.7,30.1,824.0,5160,0,0.0,0,1,60.0,0.700206125,True,0.00020612500000005696,2
2015-02-14,2,sewing,Saturday,7,0.7,30.1,957.0,7200,0,0.0,0,1,60.0,0.602,True,-0.09799999999999998,1
2015-02-14,2,sewing,Saturday,11,0.6,11.41,1039.0,2280,23,0.0,0,2,55.0,0.600447507,True,0.00044750700000006916,1
2015-02-14,2,sewing,Saturday,6,0.8,18.79,822.0,4080,0,0.0,0,0,34.0,0.557252451,True,-0.24274754900000006,1
2015-02-14,2,sewing,Saturday,3,0.5,30.1,1261.0,6960,30,0.0,0,1,58.0,0.500801724,True,0.0008017240000000037,1
2015-02-14,2,finishing,Saturday,6,0.8,2.9,0.0,960,0,0.0,0,0,8.0,0.483333333,True,-0.31666666700000007,1
2015-02-14,2,finishing,Saturday,9,0.8,3.94,0.0,960,0,0.0,0,0,8.0,0.238041667,True,-0.561958333,1
2015-02-15,3,finishing,Sunday,1,0.8,3.94,0.0,960,0,0.0,0,0,8.0,1.1204375,True,0.32043749999999993,4
2015-02-15,3,finishing,Sunday,2,0.8,3.94,0.0,960,0,0.0,0,0,8.0,1.108125,True,0.308125,4
2015-02-15,3,sewing,Sunday,1,0.8,22.52,1420.0,6840,113,0.0,0,0,57.0,1.000230409,True,0.200230409,4
2015-02-15,3,finishing,Sunday,12,0.8,4.08,0.0,1080,0,0.0,0,0,9.0,0.876444444,True,0.07644444399999994,3
2015-02-15,3,sewing,Sunday,12,0.8,15.26,1120.0,1440,50,0.0,0,0,34.0,0.800806306,True,0.0008063059999999789,3
2015-02-15,3,finishing,Sunday,5,0.75,4.15,0.0,240,0,0.0,0,0,2.0,0.760833333,True,0.010833333,2
2015-02-15,3,sewing,Sunday,5,0.8,30.1,679.0,7140,0,0.0,0,0,59.5,0.722568627,True,-0.07743137300000003,2
2015-02-15,3,finishing,Sunday,11,0.6,2.9,0.0,1200,0,0.0,0,0,10.0,0.715333333,True,0.11533333300000004,2
2015-02-15,3,sewing,Sunday,7,0.7,30.1,881.0,7080,0,0.0,0,1,59.0,0.700632768,True,0.0006327680000000058,2
2015-02-15,3,sewing,Sunday,8,0.7,30.1,507.0,5880,40,2.0,10,1,59.0,0.700573099,True,0.0005730990000000213,2
2015-02-15,3,sewing,Sunday,6,0.75,18.79,814.0,4080,0,0.0,0,0,34.0,0.681598039,True,-0.06840196099999996,1
2015-02-15,3,sewing,Sunday,11,0.65,11.41,700.0,2640,23,0.0,0,2,53.0,0.650223718,True,0.00022371799999998387,1
2015-02-15,3,finishing,Sunday,8,0.7,4.15,0.0,960,0,0.0,0,0,8.0,0.605208333,True,-0.09479166699999997,1
2015-02-15,3,finishing,Sunday,6,0.8,2.9,0.0,960,0,0.0,0,0,8.0,0.604166667,True,-0.19583333300000005,1
2015-02-15,3,sewing,Sunday,4,0.75,30.1,919.0,7140,0,0.0,0,1,59.5,0.598627451,True,-0.15137254899999997,1
2015-02-15,3,sewing,Sunday,3,0.6,30.1,1361.0,6960,30,0.0,0,1,58.0,0.475718391,True,-0.12428160899999996,1
2015-02-15,3,sewing,Sunday,2,0.8,22.52,12.0,6900,0,0.0,0,0,57.5,0.432122899,True,-0.36787710100000004,1
2015-02-15,3,finishing,Sunday,4,0.75,4.15,0.0,2400,0,0.0,0,0,20.0,0.287041667,True,-0.462958333,1
2015-02-15,3,sewing,Sunday,9,0.5,18.79,1688.0,5280,0,0.0,0,1,54.0,0.283054487,True,-0.21694551299999998,1
2015-02-16,3,sewing,Monday,1,0.8,22.52,1422.0,6840,113,0.0,0,0,57.0,1.000230409,True,0.200230409,4
2015-02-16,3,finishing,Monday,9,0.8,3.94,0.0,1200,0,0.0,0,0,10.0,0.960433333,True,0.16043333299999996,4
2015-02-16,3,finishing,Monday,12,0.8,4.08,0.0,1080,0,0.0,0,0,9.0,0.891555556,True,0.09155555599999998,3
2015-02-16,3,finishing,Monday,3,0.5,4.15,0.0,960,0,0.0,0,0,8.0,0.864583333,True,0.364583333,3
2015-02-16,3,sewing,Monday,3,0.65,30.1,1263.0,600,63,0.0,0,1,58.0,0.802243319,True,0.152243319,3
2015-02-16,3,sewing,Monday,5,0.8,30.1,461.0,0,0,0.0,0,0,59.0,0.800980392,False,0.0009803919999999966,3
2015-02-16,3,sewing,Monday,12,0.8,15.26,1079.0,3720,38,0.0,0,0,34.0,0.800312375,True,0.00031237499999992036,3
2015-02-16,3,finishing,Monday,6,0.8,2.9,0.0,960,0,0.0,0,0,8.0,0.773333333,True,-0.02666666700000009,2
2015-02-16,3,sewing,Monday,6,0.75,18.79,895.0,3960,0,0.0,0,0,33.0,0.75065101,True,0.0006510100000000074,2
2015-02-16,3,sewing,Monday,4,0.75,30.1,912.0,7020,0,0.0,0,1,58.0,0.750356125,True,0.00035612500000004044,2
2015-02-16,3,finishing,Monday,4,0.75,4.15,0.0,1800,0,0.0,0,0,15.0,0.722333333,True,-0.027666666999999978,2
2015-02-16,3,sewing,Monday,7,0.7,30.1,784.0,600,30,0.0,0,1,59.0,0.700459889,True,0.0004598890000000466,2
2015-02-16,3,finishing,Monday,5,0.75,4.15,0.0,1200,0,0.0,0,0,10.0,0.629416667,True,-0.12058333300000001,1
2015-02-16,3,sewing,Monday,8,0.7,30.1,7.0,7080,27,2.0,10,2,59.0,0.621971751,True,-0.07802824899999994,1
2015-02-16,3,sewing,Monday,11,0.7,11.41,680.0,2160,30,0.0,0,2,54.0,0.565972222,True,-0.134027778,1
2015-02-16,3,sewing,Monday,10,0.6,18.22,1131.0,5280,0,0.0,0,1,44.0,0.35542803,True,-0.24457196999999997,1
2015-02-16,3,sewing,Monday,9,0.6,18.79,2103.0,5400,0,0.0,0,1,54.0,0.329964879,True,-0.270035121,1
2015-02-16,3,finishing,Monday,7,0.7,4.15,0.0,1800,0,0.0,0,0,15.0,0.258,True,-0.44199999999999995,1
2015-02-17,3,sewing,Tuesday,1,0.8,22.52,1445.0,6840,113,0.0,0,0,57.0,1.000230409,True,0.200230409,4
2015-02-17,3,finishing,Tuesday,10,0.8,3.94,0.0,960,0,0.0,0,0,8.0,0.927541667,True,0.12754166699999991,4
2015-02-17,3,finishing,Tuesday,7,0.7,5.13,0.0,1200,0,0.0,0,0,10.0,0.91375,True,0.21375,4
2015-02-17,3,finishing,Tuesday,12,0.8,5.13,0.0,1080,0,0.0,0,0,9.0,0.9025,True,0.10249999999999992,4
2015-02-17,3,sewing,Tuesday,12,0.8,15.26,1133.0,4080,38,0.0,0,0,34.0,0.800401961,True,0.00040196100000000623,3
2015-02-17,3,finishing,Tuesday,3,0.5,5.13,0.0,1800,0,0.0,0,0,15.0,0.7866,True,0.28659999999999997,2
2015-02-17,3,sewing,Tuesday,6,0.75,18.79,726.0,3360,0,0.0,0,0,33.0,0.750621354,True,0.0006213539999999629,2
2015-02-17,3,sewing,Tuesday,4,0.75,30.1,849.0,7020,45,0.0,0,1,58.0,0.750356125,True,0.00035612500000004044,2
2015-02-17,3,finishing,Tuesday,6,0.8,2.9,0.0,960,0,0.0,0,0,8.0,0.749166667,True,-0.050833333000000036,2
2015-02-17,3,sewing,Tuesday,7,0.7,30.1,562.0,840,30,0.0,0,1,59.0,0.700888203,True,0.0008882030000000318,2
2015-02-17,3,sewing,Tuesday,11,0.7,11.41,1054.0,3420,30,0.0,0,2,56.0,0.700614035,True,0.0006140350000000128,2
2015-02-17,3,sewing,Tuesday,3,0.7,30.1,1422.0,6960,50,0.0,0,1,58.0,0.700603448,True,0.0006034480000000064,2
2015-02-17,3,finishing,Tuesday,4,0.75,5.13,0.0,960,0,0.0,0,0,8.0,0.656666667,True,-0.09333333300000002,1
2015-02-17,3,sewing,Tuesday,5,0.8,30.1,680.0,7140,0,0.0,0,0,59.0,0.653431373,True,-0.14656862700000006,1
2015-02-17,3,sewing,Tuesday,9,0.65,18.79,2120.0,5520,0,0.0,0,1,51.0,0.650134,True,0.00013399999999996748,1
2015-02-17,3,sewing,Tuesday,8,0.6,29.4,179.0,0,23,5.0,30,2,58.0,0.600982906,False,0.0009829060000000611,1
2015-02-17,3,finishing,Tuesday,9,0.8,3.94,0.0,960,0,0.0,0,0,8.0,0.586041667,True,-0.213958333,1
2015-02-17,3,finishing,Tuesday,2,0.8,5.13,0.0,1800,0,0.0,0,0,15.0,0.5814,True,-0.21860000000000002,1
2015-02-17,3,sewing,Tuesday,2,0.5,30.33,838.0,6720,0,0.0,0,1,56.0,0.361071429,True,-0.138928571,1
2015-02-17,3,sewing,Tuesday,10,0.65,18.22,741.0,0,0,8.0,35,1,49.0,0.302117347,False,-0.34788265300000004,1
2015-02-18,3,finishing,Wednesday,12,0.8,5.13,0.0,1200,0,0.0,0,0,10.0,0.9918,True,0.19179999999999997,4
2015-02-18,3,finishing,Wednesday,6,0.8,2.9,0.0,1440,0,0.0,0,0,12.0,0.936861111,True,0.13686111099999998,4
2015-02-18,3,finishing,Wednesday,2,0.8,5.13,0.0,1440,0,0.0,0,0,12.0,0.919125,True,0.11912499999999993,4
2015-02-18,3,sewing,Wednesday,11,0.7,11.41,685.0,3360,30,0.0,0,2,56.0,0.8211125,True,0.12111250000000007,3
2015-02-18,3,sewing,Wednesday,4,0.8,30.1,864.0,480,50,0.0,0,1,58.0,0.800980392,True,0.0009803919999999966,3
2015-02-18,3,sewing,Wednesday,5,0.8,30.1,511.0,0,0,0.0,0,0,59.0,0.800980392,False,0.0009803919999999966,3
2015-02-18,3,sewing,Wednesday,12,0.8,15.26,1095.0,4080,63,0.0,0,0,34.0,0.800401961,True,0.00040196100000000623,3
2015-02-18,3,sewing,Wednesday,1,0.8,22.52,1374.0,3960,63,0.0,0,0,57.0,0.800279693,True,0.00027969299999996977,3
2015-02-18,3,sewing,Wednesday,6,0.75,18.79,759.0,3960,34,0.0,0,0,33.0,0.75065101,True,0.0006510100000000074,2
2015-02-18,3,sewing,Wednesday,7,0.75,30.1,553.0,2280,45,0.0,0,1,59.0,0.75053268,True,0.0005326799999999521,2
2015-02-18,3,finishing,Wednesday,4,0.75,5.13,0.0,960,0,0.0,0,0,8.0,0.734645833,True,-0.01535416700000003,2
2015-02-18,3,sewing,Wednesday,3,0.7,30.1,1057.0,0,40,0.0,0,1,58.0,0.700603448,False,0.0006034480000000064,2
2015-02-18,3,sewing,Wednesday,9,0.7,18.79,1587.0,4560,30,0.0,0,1,51.0,0.70009573,True,9.573000000007159e-05,2
2015-02-18,3,finishing,Wednesday,7,0.7,5.13,0.0,960,0,0.0,0,0,8.0,0.671875,True,-0.028124999999999956,1
2015-02-18,3,finishing,Wednesday,10,0.8,3.94,0.0,960,0,0.0,0,0,8.0,0.64025,True,-0.15975000000000006,1
2015-02-18,3,finishing,Wednesday,8,0.7,5.13,0.0,960,0,0.0,0,0,8.0,0.58,True,-0.12,1
2015-02-18,3,finishing,Wednesday,9,0.8,3.94,0.0,960,0,0.0,0,0,8.0,0.549791667,True,-0.250208333,1
2015-02-18,3,sewing,Wednesday,2,0.6,30.33,868.0,6840,0,0.0,0,1,57.0,0.328131579,True,-0.27186842099999997,1
2015-02-18,3,sewing,Wednesday,10,0.7,19.68,1119.0,5640,0,8.0,35,1,47.0,0.303574468,True,-0.39642553199999997,1
2015-02-18,3,finishing,Wednesday,3,0.5,5.13,0.0,960,0,0.0,0,0,8.0,0.2565,True,-0.2435,1
2015-02-18,3,sewing,Wednesday,8,0.65,29.4,962.0,4560,0,4.5,30,2,57.0,0.251399254,True,-0.398600746,1
2015-02-19,3,finishing,Thursday,3,0.5,5.13,0.0,2880,0,0.0,0,0,12.0,0.81640625,True,0.31640625,3
2015-02-19,3,sewing,Thursday,12,0.8,15.26,1126.0,1080,38,0.0,0,0,34.0,0.800711494,True,0.0007114939999999237,3
2015-02-19,3,sewing,Thursday,1,0.8,22.52,265.0,3840,63,0.0,0,0,57.0,0.800470513,True,0.00047051300000000573,3
2015-02-19,3,sewing,Thursday,4,0.8,30.1,859.0,7020,63,0.0,0,1,58.5,0.800094017,True,9.40170000000018e-05,3
2015-02-19,3,sewing,Thursday,5,0.8,30.1,276.0,600,63,3.5,15,0,59.5,0.799982853,True,-1.714699999999514e-05,2
2015-02-19,3,finishing,Thursday,6,0.8,2.9,0.0,4320,0,0.0,0,0,18.0,0.785864198,True,-0.014135802000000086,2
2015-02-19,3,sewing,Thursday,6,0.75,18.79,899.0,3960,56,0.0,0,0,33.0,0.75065101,True,0.0006510100000000074,2
2015-02-19,3,finishing,Thursday,10,0.8,3.94,0.0,2400,0,0.0,0,0,10.0,0.733277778,True,-0.066722222,2
2015-02-19,3,finishing,Thursday,2,0.8,5.13,0.0,3600,0,0.0,0,0,15.0,0.710125,True,-0.08987500000000004,2
2015-02-19,3,sewing,Thursday,3,0.7,30.1,247.0,6960,50,0.0,0,1,58.0,0.700603448,True,0.0006034480000000064,2
2015-02-19,3,sewing,Thursday,11,0.7,11.41,653.0,3480,30,0.0,0,2,58.0,0.700540441,True,0.0005404410000000581,2
2015-02-19,3,sewing,Thursday,8,0.7,29.4,1116.0,6240,0,0.0,0,2,57.0,0.7,True,0.0,2
2015-02-19,3,finishing,Thursday,4,0.75,5.13,0.0,1920,0,0.0,0,0,8.0,0.684027778,True,-0.06597222199999997,1
2015-02-19,3,finishing,Thursday,8,0.7,5.13,0.0,1920,0,0.0,0,0,8.0,0.672135417,True,-0.027864582999999943,1
2015-02-19,3,sewing,Thursday,9,0.7,18.79,1603.0,6120,30,0.0,0,1,51.0,0.638614379,True,-0.061385621,1
2015-02-19,3,finishing,Thursday,5,0.75,5.13,0.0,1920,0,0.0,0,0,8.0,0.631354167,True,-0.11864583299999998,1
2015-02-19,3,sewing,Thursday,7,0.75,30.1,444.0,0,0,5.0,20,1,59.0,0.611140537,False,-0.13885946299999996,1
2015-02-19,3,finishing,Thursday,12,0.8,5.13,0.0,2160,0,0.0,0,0,9.0,0.609583333,True,-0.19041666700000004,1
2015-02-19,3,sewing,Thursday,2,0.65,30.33,841.0,6840,0,0.0,0,1,57.0,0.585315789,True,-0.06468421099999999,1
2015-02-19,3,sewing,Thursday,10,0.7,19.68,1410.0,5760,0,0.0,0,1,48.0,0.249416667,True,-0.450583333,1
2015-02-22,4,finishing,Sunday,3,0.5,5.13,0.0,1800,0,0.0,0,0,15.0,0.8721,True,0.3721,3
2015-02-22,4,finishing,Sunday,6,0.8,2.9,0.0,960,0,0.0,0,0,8.0,0.8319375,True,0.03193749999999995,3
2015-02-22,4,finishing,Sunday,2,0.8,5.13,0.0,4800,0,0.0,0,0,20.0,0.8300625,True,0.030062499999999992,3
2015-02-22,4,finishing,Sunday,11,0.6,2.9,0.0,2880,0,0.0,0,0,12.0,0.805555556,True,0.20555555599999997,3
2015-02-22,4,sewing,Sunday,12,0.8,15.26,1103.0,4080,63,0.0,0,0,34.0,0.800401961,True,0.00040196100000000623,3
2015-02-22,4,sewing,Sunday,4,0.8,30.1,922.0,5820,63,0.0,0,1,59.0,0.80000295,True,2.9499999999460513e-06,3
2015-02-22,4,finishing,Sunday,12,0.8,5.13,0.0,2400,0,0.0,0,0,10.0,0.78375,True,-0.016250000000000098,2
2015-02-22,4,finishing,Sunday,9,0.8,3.94,0.0,2400,0,0.0,0,0,10.0,0.753525,True,-0.046475000000000044,2
2015-02-22,4,sewing,Sunday,6,0.75,18.79,1055.0,3960,45,0.0,0,0,33.0,0.75065101,True,0.0006510100000000074,2
2015-02-22,4,finishing,Sunday,1,0.8,3.94,0.0,2880,0,0.0,0,0,12.0,0.727349537,True,-0.072650463,2
2015-02-22,4,sewing,Sunday,8,0.7,29.4,1146.0,6840,40,0.0,0,2,57.0,0.700614035,True,0.0006140350000000128,2
2015-02-22,4,sewing,Sunday,2,0.7,30.33,746.0,6840,0,0.0,0,1,57.0,0.700605263,True,0.000605263000000078,2
2015-02-22,4,sewing,Sunday,11,0.75,11.41,834.0,3480,0,0.0,0,2,58.0,0.672140805,True,-0.07785919500000005,1
2015-02-22,4,sewing,Sunday,9,0.7,18.79,1717.0,3240,30,0.0,0,1,57.0,0.627011183,True,-0.07298881699999993,1
2015-02-22,4,sewing,Sunday,3,0.7,30.1,1041.0,8160,33,0.0,0,2,58.0,0.626577778,True,-0.07342222199999993,1
2015-02-22,4,sewing,Sunday,10,0.7,21.25,1531.0,6000,0,0.0,0,1,50.0,0.456875,True,-0.24312499999999998,1
2015-02-22,4,sewing,Sunday,7,0.75,30.1,627.0,6960,0,3.5,20,1,58.0,0.393548851,True,-0.356451149,1
2015-02-22,4,finishing,Sunday,10,0.8,3.94,0.0,960,0,0.0,0,0,8.0,0.385791667,True,-0.41420833300000004,1
2015-02-22,4,sewing,Sunday,5,0.8,30.1,450.0,5700,0,4.5,25,0,60.0,0.307501459,True,-0.49249854100000007,1
2015-02-22,4,finishing,Sunday,7,0.7,5.13,0.0,960,0,0.0,0,0,8.0,0.283958333,True,-0.41604166699999995,1
2015-02-23,4,finishing,Monday,10,0.8,3.94,0.0,2400,0,0.0,0,0,20.0,0.955791667,True,0.1557916669999999,4
2015-02-23,4,finishing,Monday,8,0.7,5.13,0.0,960,0,0.0,0,0,8.0,0.930416667,True,0.23041666700000007,4
2015-02-23,4,finishing,Monday,12,0.8,5.13,0.0,1080,0,0.0,0,0,9.0,0.9025,True,0.10249999999999992,4
2015-02-23,4,finishing,Monday,3,0.8,5.13,0.0,2160,0,0.0,0,0,18.0,0.87115,True,0.07114999999999994,3
2015-02-23,4,sewing,Monday,12,0.8,15.26,1060.0,4080,63,0.0,0,0,34.0,0.800401961,True,0.00040196100000000623,3
2015-02-23,4,sewing,Monday,4,0.8,30.1,891.0,7140,38,0.0,0,1,59.0,0.800137255,True,0.00013725499999994728,3
2015-02-23,4,sewing,Monday,5,0.8,30.1,541.0,7140,38,0.0,0,0,59.0,0.800137255,True,0.00013725499999994728,3
2015-02-23,4,sewing,Monday,7,0.75,30.1,709.0,6960,45,0.0,0,1,58.0,0.750770115,True,0.0007701150000000156,2
2015-02-23,4,sewing,Monday,6,0.75,18.79,1100.0,3960,45,0.0,0,0,33.0,0.75065101,True,0.0006510100000000074,2
2015-02-23,4,sewing,Monday,11,0.75,11.41,826.0,2820,0,0.0,0,2,58.0,0.750293939,True,0.0002939389999999653,2
2015-02-23,4,sewing,Monday,2,0.7,30.33,577.0,2160,30,0.0,0,1,58.0,0.700623,True,0.0006230000000000402,2
2015-02-23,4,sewing,Monday,8,0.7,29.4,1094.0,6840,40,0.0,0,2,57.0,0.700614035,True,0.0006140350000000128,2
2015-02-23,4,sewing,Monday,3,0.7,29.4,1228.0,6960,30,0.0,0,2,58.0,0.700362069,True,0.0003620690000000204,2
2015-02-23,4,sewing,Monday,9,0.7,18.79,1641.0,6000,40,0.0,0,1,50.0,0.60128,True,-0.09871999999999992,1
2015-02-23,4,sewing,Monday,10,0.7,21.25,1583.0,6000,0,0.0,0,1,50.0,0.417916667,True,-0.28208333299999994,1
2015-02-23,4,finishing,Monday,6,0.8,2.9,0.0,960,0,0.0,0,0,8.0,0.3715625,True,-0.4284375,1
2015-02-23,4,finishing,Monday,9,0.8,2.9,0.0,960,0,0.0,0,0,8.0,0.3715625,True,-0.4284375,1
2015-02-23,4,finishing,Monday,2,0.8,5.13,0.0,960,0,0.0,0,0,8.0,0.36871875,True,-0.43128125000000006,1
2015-02-23,4,finishing,Monday,7,0.7,5.13,0.0,960,0,0.0,0,0,8.0,0.356458333,True,-0.34354166699999994,1
2015-02-24,4,finishing,Tuesday,10,0.7,2.9,0.0,1800,0,0.0,0,0,15.0,0.902222222,True,0.20222222200000006,4
2015-02-24,4,finishing,Tuesday,3,0.8,4.6,0.0,1440,0,0.0,0,0,12.0,0.811388889,True,0.011388888999999902,3
2015-02-24,4,sewing,Tuesday,12,0.8,15.26,1062.0,4080,50,0.0,0,0,34.0,0.800401961,True,0.00040196100000000623,3
2015-02-24,4,sewing,Tuesday,5,0.8,30.1,450.0,7140,50,0.0,0,0,60.0,0.800137255,True,0.00013725499999994728,3
2015-02-24,4,sewing,Tuesday,4,0.8,30.1,901.0,6480,50,0.0,0,1,59.0,0.800071839,True,7.183899999996246e-05,3
2015-02-24,4,finishing,Tuesday,8,0.7,4.6,0.0,960,0,0.0,0,0,8.0,0.791458333,True,0.09145833300000006,2
2015-02-24,4,sewing,Tuesday,7,0.75,30.1,739.0,5640,45,0.0,0,1,59.0,0.750727326,True,0.0007273260000000281,2
2015-02-24,4,sewing,Tuesday,6,0.75,18.79,913.0,3360,45,0.0,0,0,33.0,0.75065101,True,0.0006510100000000074,2
2015-02-24,4,sewing,Tuesday,11,0.75,11.61,698.0,3360,34,0.0,0,2,57.0,0.750437269,True,0.0004372689999999624,2
2015-02-24,4,sewing,Tuesday,3,0.75,29.4,1172.0,5340,45,0.0,0,2,60.0,0.750176991,True,0.00017699100000001522,2
2015-02-24,4,finishing,Tuesday,6,0.75,2.9,0.0,1800,0,0.0,0,0,15.0,0.726933333,True,-0.02306666700000004,2
2015-02-24,4,finishing,Tuesday,9,0.7,2.9,0.0,1800,0,0.0,0,0,15.0,0.726933333,True,0.026933333000000004,2
2015-02-24,4,sewing,Tuesday,2,0.7,30.33,408.0,1680,30,0.0,0,1,59.0,0.700623,True,0.0006230000000000402,2
2015-02-24,4,sewing,Tuesday,8,0.7,29.4,1079.0,4560,40,0.0,0,2,58.0,0.700518519,True,0.0005185189999999951,2
2015-02-24,4,sewing,Tuesday,9,0.7,18.79,1068.0,3000,30,0.0,0,1,52.0,0.700256795,True,0.00025679500000008737,2
2015-02-24,4,finishing,Tuesday,11,0.7,2.9,0.0,960,0,0.0,0,0,8.0,0.5046875,True,-0.1953125,1
2015-02-24,4,sewing,Tuesday,10,0.7,21.25,1834.0,6360,0,0.0,0,1,53.0,0.471108491,True,-0.22889150899999994,1
2015-02-24,4,finishing,Tuesday,2,0.7,3.9,0.0,960,0,0.0,0,0,8.0,0.325,True,-0.37499999999999994,1
2015-02-24,4,sewing,Tuesday,1,0.6,22.53,708.0,5040,0,0.0,0,1,42.0,0.268214286,True,-0.33178571399999995,1
2015-02-25,4,sewing,Wednesday,9,0.75,18.79,1085.0,6240,56,0.0,0,1,52.0,0.970816667,True,0.22081666700000002,4
2015-02-25,4,finishing,Wednesday,5,0.8,4.6,0.0,1080,0,0.0,0,0,9.0,0.902962963,True,0.10296296299999996,4
2015-02-25,4,finishing,Wednesday,3,0.8,4.6,0.0,2400,0,0.0,0,0,20.0,0.900833333,True,0.10083333299999997,4
2015-02-25,4,finishing,Wednesday,12,0.8,4.6,0.0,1800,0,0.0,0,0,15.0,0.899555556,True,0.09955555599999999,3
2015-02-25,4,finishing,Wednesday,10,0.7,2.9,0.0,1200,0,0.0,0,0,10.0,0.845833333,True,0.145833333,3
2015-02-25,4,sewing,Wednesday,4,0.8,30.1,323.0,4080,50,0.0,0,1,59.0,0.800808642,True,0.0008086419999999706,3
2015-02-25,4,sewing,Wednesday,12,0.8,15.26,1053.0,4080,50,0.0,0,0,34.0,0.800401961,True,0.00040196100000000623,3
2015-02-25,4,sewing,Wednesday,7,0.8,30.1,786.0,7080,50,0.0,0,2,59.0,0.800115819,True,0.00011581899999990597,3
2015-02-25,4,sewing,Wednesday,6,0.75,18.79,1003.0,3960,45,0.0,0,1,33.0,0.75065101,True,0.0006510100000000074,2
2015-02-25,4,sewing,Wednesday,11,0.75,11.61,635.0,3360,45,0.0,0,0,57.0,0.750503571,True,0.0005035709999999805,2
2015-02-25,4,sewing,Wednesday,3,0.75,29.4,1283.0,6960,45,0.0,0,2,58.0,0.750206897,True,0.00020689699999998368,2
2015-02-25,4,sewing,Wednesday,8,0.7,29.4,847.0,6960,30,0.0,0,1,58.0,0.700362069,True,0.0003620690000000204,2
2015-02-25,4,sewing,Wednesday,2,0.7,30.33,361.0,3960,30,0.0,0,1,58.0,0.700069811,True,6.981100000003071e-05,2
2015-02-25,4,sewing,Wednesday,10,0.7,21.82,1653.0,6240,0,0.0,0,2,52.0,0.700058333,True,5.8333000000021507e-05,2
2015-02-25,4,finishing,Wednesday,7,0.75,4.6,0.0,960,0,0.0,0,0,8.0,0.676666667,True,-0.073333333,1
2015-02-25,4,finishing,Wednesday,8,0.7,4.6,0.0,960,0,0.0,0,0,8.0,0.658541667,True,-0.0414583329999999,1
2015-02-25,4,sewing,Wednesday,5,0.8,30.1,15.0,1200,49,0.0,0,1,59.0,0.598792339,True,-0.2012076610000001,1
2015-02-25,4,sewing,Wednesday,1,0.65,22.53,762.0,5040,0,0.0,0,1,42.0,0.581130952,True,-0.06886904800000004,1
2015-02-25,4,finishing,Wednesday,2,0.7,3.9,0.0,960,0,0.0,0,0,8.0,0.440375,True,-0.25962499999999994,1
2015-02-25,4,finishing,Wednesday,6,0.75,2.9,0.0,960,0,0.0,0,0,8.0,0.410833333,True,-0.339166667,1
2015-02-25,4,finishing,Wednesday,9,0.7,2.9,0.0,960,0,0.0,0,0,8.0,0.410833333,True,-0.28916666699999993,1
2015-02-26,4,finishing,Thursday,3,0.8,4.6,0.0,6300,0,0.0,0,0,15.0,0.921703704,True,0.12170370399999997,4
2015-02-26,4,finishing,Thursday,5,0.8,4.6,0.0,7560,0,0.0,0,0,18.0,0.921604938,True,0.12160493799999994,4
2015-02-26,4,sewing,Thursday,7,0.8,30.1,694.0,4080,50,0.0,0,1,59.0,0.800808642,True,0.0008086419999999706,3
2015-02-26,4,sewing,Thursday,11,0.8,11.61,816.0,2820,50,0.0,0,2,57.0,0.800516667,True,0.0005166669999999707,3
2015-02-26,4,sewing,Thursday,12,0.8,15.26,1065.0,4080,63,0.0,0,0,34.0,0.800401961,True,0.00040196100000000623,3
2015-02-26,4,finishing,Thursday,1,0.5,3.94,0.0,3360,0,0.0,0,0,8.0,0.768847222,True,0.268847222,2
2015-02-26,4,sewing,Thursday,6,0.75,18.79,912.0,3960,45,0.0,0,0,33.0,0.75065101,True,0.0006510100000000074,2
2015-02-26,4,sewing,Thursday,3,0.75,29.4,1244.0,6840,45,0.0,0,2,57.0,0.750473684,True,0.00047368400000002975,2
2015-02-26,4,sewing,Thursday,9,0.75,18.79,1020.0,5640,45,0.0,0,1,52.0,0.750371895,True,0.00037189500000001097,2
2015-02-26,4,sewing,Thursday,8,0.75,29.4,916.0,6960,56,0.0,0,2,58.0,0.750206897,True,0.00020689699999998368,2
2015-02-26,4,sewing,Thursday,10,0.7,21.82,1591.0,3240,0,0.0,0,1,52.0,0.700251773,True,0.0002517730000000107,2
2015-02-26,4,sewing,Thursday,2,0.7,30.33,398.0,6960,0,0.0,0,1,58.0,0.66237931,True,-0.0376206899999999,1
2015-02-26,4,finishing,Thursday,12,0.8,4.6,0.0,3780,0,0.0,0,0,9.0,0.590617284,True,-0.20938271600000002,1
2015-02-26,4,finishing,Thursday,2,0.7,3.9,0.0,960,0,0.0,0,0,8.0,0.5565625,True,-0.1434375,1
2015-02-26,4,sewing,Thursday,4,0.8,30.1,437.0,7080,32,0.0,0,2,59.0,0.495617514,True,-0.30438248600000006,1
2015-02-26,4,sewing,Thursday,5,0.35,27.48,413.0,6840,38,0.0,0,1,57.0,0.449964912,True,0.09996491200000002,1
2015-02-26,4,finishing,Thursday,10,0.7,2.9,0.0,3360,0,0.0,0,0,8.0,0.410833333,True,-0.28916666699999993,1
2015-02-26,4,finishing,Thursday,9,0.75,2.9,0.0,960,0,0.0,0,0,8.0,0.4078125,True,-0.3421875,1
2015-02-26,4,sewing,Thursday,1,0.35,26.66,1164.0,6600,23,0.0,0,2,55.0,0.378895152,True,0.028895152000000035,1
2015-02-26,4,finishing,Thursday,8,0.75,4.6,0.0,3360,0,0.0,0,0,8.0,0.376597222,True,-0.373402778,1
2015-02-26,4,finishing,Thursday,6,0.75,2.9,0.0,3360,0,0.0,0,0,8.0,0.271875,True,-0.478125,1
2015-02-28,4,finishing,Saturday,3,0.8,4.6,0.0,6300,0,0.0,0,0,15.0,0.921703704,True,0.12170370399999997,4
2015-02-28,4,finishing,Saturday,5,0.8,4.6,0.0,7560,0,0.0,0,0,18.0,0.921604938,True,0.12160493799999994,4
2015-02-28,4,sewing,Saturday,11,0.8,11.61,954.0,0,50,0.0,0,2,58.0,0.800779018,False,0.0007790179999999092,3
2015-02-28,4,sewing,Saturday,12,0.8,15.26,1194.0,1700,62,0.0,0,0,34.0,0.800260821,True,0.00026082099999991115,3
2015-02-28,4,sewing,Saturday,7,0.8,30.1,644.0,840,38,0.0,0,1,59.0,0.799982853,True,-1.714699999999514e-05,2
2015-02-28,4,finishing,Saturday,1,0.5,3.94,0.0,3360,0,0.0,0,0,8.0,0.768847222,True,0.268847222,2
2015-02-28,4,sewing,Saturday,3,0.75,29.4,1144.0,4440,45,0.0,0,2,57.0,0.750716981,True,0.0007169809999999499,2
2015-02-28,4,sewing,Saturday,6,0.75,18.79,1012.0,3960,45,0.0,0,0,33.0,0.75065101,True,0.0006510100000000074,2
2015-02-28,4,sewing,Saturday,8,0.75,29.4,792.0,4560,56,0.0,0,2,58.0,0.750425926,True,0.0004259260000000209,2
2015-02-28,4,sewing,Saturday,9,0.75,18.79,841.0,6240,45,0.0,0,1,52.0,0.750395513,True,0.0003955129999999585,2
2015-02-28,4,sewing,Saturday,10,0.7,21.82,1448.0,6120,40,0.0,0,1,51.0,0.700236601,True,0.00023660100000000295,2
2015-02-28,4,sewing,Saturday,2,0.7,30.33,512.0,4560,0,0.0,0,1,58.0,0.700211111,True,0.00021111100000004157,2
2015-02-28,4,finishing,Saturday,12,0.8,4.6,0.0,3780,0,0.0,0,0,9.0,0.590617284,True,-0.20938271600000002,1
2015-02-28,4,finishing,Saturday,2,0.7,3.9,0.0,960,0,0.0,0,0,8.0,0.5565625,True,-0.1434375,1
2015-02-28,4,sewing,Saturday,5,0.5,27.48,609.0,6840,30,0.0,0,1,57.0,0.550403509,True,0.05040350900000001,1
2015-02-28,4,sewing,Saturday,1,0.5,26.66,1448.0,6840,30,0.0,0,2,57.0,0.550349708,True,0.05034970800000005,1
2015-02-28,4,sewing,Saturday,4,0.5,26.66,556.0,6960,23,0.0,0,2,58.0,0.500258046,True,0.00025804600000001177,1
2015-02-28,4,finishing,Saturday,10,0.7,2.9,0.0,3360,0,0.0,0,0,8.0,0.410833333,True,-0.28916666699999993,1
2015-02-28,4,finishing,Saturday,9,0.75,2.9,0.0,960,0,0.0,0,0,8.0,0.4078125,True,-0.3421875,1
2015-02-28,4,finishing,Saturday,8,0.75,4.6,0.0,3360,0,0.0,0,0,8.0,0.376597222,True,-0.373402778,1
2015-02-28,4,finishing,Saturday,6,0.75,2.9,0.0,3360,0,0.0,0,0,8.0,0.271875,True,-0.478125,1
2015-03-01,1,finishing,Sunday,3,0.8,4.6,0.0,10500,0,0.0,0,0,25.0,0.936355556,True,0.13635555599999993,4
2015-03-01,1,finishing,Sunday,8,0.75,4.6,0.0,3360,0,0.0,0,0,8.0,0.813611111,True,0.06361111100000005,3
2015-03-01,1,sewing,Sunday,12,0.8,15.26,1106.0,4080,63,0.0,0,0,34.0,0.800401961,True,0.00040196100000000623,3
2015-03-01,1,sewing,Sunday,8,0.75,29.4,622.0,6240,56,0.0,0,0,57.0,0.75075,True,0.0007500000000000284,2
2015-03-01,1,sewing,Sunday,6,0.75,18.79,1193.0,3960,45,0.0,0,0,33.0,0.75065101,True,0.0006510100000000074,2
2015-03-01,1,sewing,Sunday,3,0.75,29.4,1143.0,6840,45,0.0,0,0,57.0,0.750473684,True,0.00047368400000002975,2
2015-03-01,1,sewing,Sunday,9,0.75,18.79,895.0,6240,34,0.0,0,0,52.0,0.750395513,True,0.0003955129999999585,2
2015-03-01,1,sewing,Sunday,5,0.6,27.48,549.0,6720,38,0.0,0,0,56.0,0.707446429,True,0.10744642900000001,2
2015-03-01,1,sewing,Sunday,10,0.7,21.82,1393.0,5640,30,0.0,0,0,52.0,0.700236601,True,0.00023660100000000295,2
2015-03-01,1,sewing,Sunday,1,0.6,26.66,1578.0,6840,38,0.0,0,0,57.0,0.700019883,True,0.10001988299999998,2
2015-03-01,1,sewing,Sunday,2,0.7,30.33,254.0,1800,0,0.0,0,0,58.0,0.683550607,True,-0.016449392999999923,1
2015-03-01,1,sewing,Sunday,11,0.8,11.61,347.0,0,50,4.0,20,0,57.0,0.682433036,False,-0.117566964,1
2015-03-01,1,finishing,Sunday,4,0.6,3.94,0.0,960,0,0.0,0,0,8.0,0.673083333,True,0.07308333300000003,1
2015-03-01,1,finishing,Sunday,10,0.7,2.9,0.0,3360,0,0.0,0,0,8.0,0.664583333,True,-0.0354166669999999,1
2015-03-01,1,sewing,Sunday,4,0.6,26.66,692.0,6840,23,0.0,0,0,57.0,0.600239766,True,0.0002397659999999746,1
2015-03-01,1,finishing,Sunday,2,0.7,3.9,0.0,960,0,0.0,0,0,8.0,0.585,True,-0.11499999999999999,1
2015-03-01,1,sewing,Sunday,7,0.8,30.1,934.0,6960,0,3.5,15,0,58.0,0.579511494,True,-0.22048850600000003,1
2015-03-01,1,finishing,Sunday,1,0.6,3.94,0.0,3360,0,0.0,0,0,8.0,0.448722222,True,-0.15127777799999997,1
2015-03-01,1,finishing,Sunday,9,0.75,2.9,0.0,960,0,0.0,0,0,8.0,0.447083333,True,-0.302916667,1
2015-03-01,1,finishing,Sunday,7,0.8,4.6,0.0,3360,0,0.0,0,0,8.0,0.350416667,True,-0.44958333300000003,1
2015-03-02,1,finishing,Monday,2,0.7,3.9,0.0,1200,0,0.0,0,0,10.0,0.92885,True,0.22885,4
2015-03-02,1,finishing,Monday,3,0.8,4.6,0.0,10080,0,0.0,0,0,24.0,0.86037037,True,0.060370370000000007,3
2015-03-02,1,finishing,Monday,4,0.65,3.94,0.0,960,0,0.0,0,0,8.0,0.806879167,True,0.15687916699999993,3
2015-03-02,1,sewing,Monday,1,0.65,26.66,1527.0,6840,65,0.0,0,0,57.0,0.800579532,True,0.15057953199999996,3
2015-03-02,1,sewing,Monday,12,0.8,15.26,1035.0,4080,63,0.0,0,0,34.0,0.800401961,True,0.00040196100000000623,3
2015-03-02,1,finishing,Monday,9,0.75,2.9,0.0,1200,0,0.0,0,0,10.0,0.8004,True,0.0504,3
2015-03-02,1,sewing,Monday,11,0.8,11.61,632.0,0,50,0.0,0,0,57.0,0.800309211,False,0.0003092109999999204,3
2015-03-02,1,sewing,Monday,3,0.8,29.4,1231.0,4680,50,0.0,0,0,57.0,0.800149813,True,0.00014981299999994313,3
2015-03-02,1,sewing,Monday,7,0.8,30.1,616.0,7080,0,0.0,0,0,59.0,0.800115819,True,0.00011581899999990597,3
2015-03-02,1,finishing,Monday,8,0.75,4.6,0.0,3360,0,0.0,0,0,8.0,0.773333333,True,0.023333332999999956,2
2015-03-02,1,sewing,Monday,6,0.75,18.79,947.0,2880,34,0.0,0,0,33.0,0.750797009,True,0.0007970090000000152,2
2015-03-02,1,sewing,Monday,8,0.75,29.4,551.0,6840,45,0.0,0,0,57.0,0.750473684,True,0.00047368400000002975,2
2015-03-02,1,sewing,Monday,9,0.75,18.79,935.0,6240,45,0.0,0,0,52.0,0.750395513,True,0.0003955129999999585,2
2015-03-02,1,sewing,Monday,4,0.65,26.66,832.0,6780,55,0.0,0,0,57.0,0.750254867,True,0.10025486699999997,2
2015-03-02,1,sewing,Monday,5,0.65,27.48,544.0,6720,34,0.0,0,0,56.0,0.700903571,True,0.05090357099999998,2
2015-03-02,1,sewing,Monday,10,0.7,21.82,1511.0,3600,30,0.0,0,0,51.0,0.70013604,True,0.00013604000000000394,2
2015-03-02,1,finishing,Monday,10,0.7,2.9,0.0,3360,0,0.0,0,0,8.0,0.632361111,True,-0.06763888899999992,1
2015-03-02,1,finishing,Monday,12,0.8,4.6,0.0,3780,0,0.0,0,0,9.0,0.607654321,True,-0.192345679,1
2015-03-02,1,finishing,Monday,1,0.65,3.94,0.0,3360,0,0.0,0,0,8.0,0.537919444,True,-0.112080556,1
2015-03-02,1,finishing,Monday,7,0.8,4.6,0.0,3360,0,0.0,0,0,8.0,0.342361111,True,-0.45763888900000005,1
2015-03-03,1,finishing,Tuesday,7,0.8,4.6,0.0,4200,0,0.0,0,0,10.0,0.999533333,True,0.19953333299999998,4
2015-03-03,1,finishing,Tuesday,3,0.8,4.6,0.0,6300,0,0.0,0,0,15.0,0.902962963,True,0.10296296299999996,4
2015-03-03,1,sewing,Tuesday,11,0.8,11.41,601.0,0,50,0.0,0,0,56.0,0.800701754,False,0.0007017539999999434,3
2015-03-03,1,sewing,Tuesday,1,0.7,26.66,1562.0,6960,60,0.0,0,0,58.0,0.800566092,True,0.100566092,3
2015-03-03,1,sewing,Tuesday,12,0.8,15.26,983.0,4080,50,0.0,0,0,34.0,0.800401961,True,0.00040196100000000623,3
2015-03-03,1,sewing,Tuesday,3,0.8,29.4,1156.0,6840,50,0.0,0,0,57.0,0.800333333,True,0.0003333329999999357,3
2015-03-03,1,sewing,Tuesday,7,0.8,30.1,29.0,7080,50,0.0,0,0,59.0,0.800115819,True,0.00011581899999990597,3
2015-03-03,1,sewing,Tuesday,4,0.7,26.66,950.0,6960,50,0.0,0,0,58.0,0.750770115,True,0.05077011500000006,2
2015-03-03,1,sewing,Tuesday,8,0.75,29.4,534.0,6840,56,0.0,0,0,57.0,0.750473684,True,0.00047368400000002975,2
2015-03-03,1,sewing,Tuesday,9,0.75,18.79,1096.0,6240,34,0.0,0,0,52.0,0.750395513,True,0.0003955129999999585,2
2015-03-03,1,sewing,Tuesday,6,0.75,20.2,402.0,3120,45,0.0,0,0,33.0,0.750212553,True,0.0002125530000000042,2
2015-03-03,1,finishing,Tuesday,8,0.75,4.6,0.0,3360,0,0.0,0,0,8.0,0.702777778,True,-0.047222222000000036,2
2015-03-03,1,sewing,Tuesday,5,0.7,27.48,573.0,6840,30,0.0,0,0,57.0,0.700659649,True,0.0006596490000000399,2
2015-03-03,1,sewing,Tuesday,10,0.7,21.82,1313.0,5040,30,0.0,0,0,51.0,0.699984417,True,-1.558299999993018e-05,1
2015-03-03,1,finishing,Tuesday,12,0.8,4.6,0.0,3780,0,0.0,0,0,9.0,0.636049383,True,-0.16395061700000002,1
2015-03-03,1,finishing,Tuesday,2,0.4,3.9,0.0,6300,0,0.0,0,0,15.0,0.567377778,True,0.16737777799999998,1
2015-03-03,1,finishing,Tuesday,1,0.7,3.94,0.0,3360,0,0.0,0,0,8.0,0.555430556,True,-0.14456944399999994,1
2015-03-03,1,finishing,Tuesday,4,0.7,3.94,0.0,3360,0,0.0,0,0,8.0,0.555430556,True,-0.14456944399999994,1
2015-03-03,1,finishing,Tuesday,10,0.7,2.9,0.0,3360,0,0.0,0,0,8.0,0.463194444,True,-0.23680555599999997,1
2015-03-03,1,finishing,Tuesday,5,0.7,4.6,0.0,3360,0,0.0,0,0,8.0,0.354444444,True,-0.34555555599999993,1
2015-03-03,1,finishing,Tuesday,6,0.75,2.9,0.0,3360,0,0.0,0,0,8.0,0.309333333,True,-0.440666667,1
2015-03-03,1,sewing,Tuesday,2,0.4,15.28,157.0,5400,0,6.5,30,1,45.0,0.30277037,True,-0.09722963000000001,1
2015-03-04,1,finishing,Wednesday,3,0.8,4.6,0.0,1200,0,0.0,0,0,10.0,0.939166667,True,0.1391666669999999,4
2015-03-04,1,finishing,Wednesday,8,0.8,4.6,0.0,960,0,0.0,0,0,8.0,0.930416667,True,0.130416667,4
2015-03-04,1,finishing,Wednesday,12,0.8,4.6,0.0,1080,0,0.0,0,0,9.0,0.885925926,True,0.08592592599999993,3
2015-03-04,1,finishing,Wednesday,9,0.75,2.9,0.0,960,0,0.0,0,0,8.0,0.83375,True,0.08374999999999999,3
2015-03-04,1,finishing,Wednesday,1,0.7,3.94,0.0,960,0,0.0,0,0,8.0,0.806879167,True,0.106879167,3
2015-03-04,1,finishing,Wednesday,4,0.7,3.94,0.0,960,0,0.0,0,0,8.0,0.806058333,True,0.106058333,3
2015-03-04,1,sewing,Wednesday,11,0.8,11.41,433.0,0,38,0.0,0,0,56.0,0.800701754,False,0.0007017539999999434,3
2015-03-04,1,sewing,Wednesday,12,0.8,15.26,961.0,4080,50,0.0,0,0,34.0,0.800401961,True,0.00040196100000000623,3
2015-03-04,1,sewing,Wednesday,3,0.8,29.4,1169.0,6840,63,0.0,0,0,57.0,0.800333333,True,0.0003333329999999357,3
2015-03-04,1,sewing,Wednesday,7,0.8,30.1,874.0,3960,50,0.0,0,0,59.0,0.800055762,True,5.576199999990372e-05,3
2015-03-04,1,sewing,Wednesday,4,0.7,26.82,1028.0,6960,60,0.0,0,0,58.0,0.799975862,True,0.09997586200000008,2
2015-03-04,1,sewing,Wednesday,1,0.7,26.82,1772.0,6960,50,0.0,0,0,58.0,0.750651724,True,0.050651724000000065,2
2015-03-04,1,sewing,Wednesday,9,0.75,18.79,1206.0,6240,34,0.0,0,0,52.0,0.750395513,True,0.0003955129999999585,2
2015-03-04,1,sewing,Wednesday,5,0.7,27.48,586.0,6960,40,0.0,0,0,58.0,0.700424138,True,0.00042413800000007384,2
2015-03-04,1,sewing,Wednesday,10,0.7,21.82,1334.0,5760,30,0.0,0,0,53.0,0.700058333,True,5.8333000000021507e-05,2
2015-03-04,1,finishing,Wednesday,7,0.8,4.6,0.0,8400,0,0.0,0,0,20.0,0.684888889,True,-0.11511111100000004,1
2015-03-04,1,finishing,Wednesday,5,0.7,4.6,0.0,960,0,0.0,0,0,8.0,0.592083333,True,-0.10791666699999991,1
2015-03-04,1,finishing,Wednesday,2,0.5,3.9,0.0,960,0,0.0,0,0,8.0,0.5403125,True,0.04031249999999997,1
2015-03-04,1,sewing,Wednesday,8,0.8,29.4,30.0,6840,0,0.0,0,0,57.0,0.433263158,True,-0.36673684200000006,1
2015-03-04,1,sewing,Wednesday,2,0.5,15.28,261.0,5520,0,0.0,0,1,46.0,0.404144928,True,-0.09585507199999999,1
2015-03-04,1,sewing,Wednesday,6,0.75,18.79,52.0,3960,0,0.0,0,0,33.0,0.332146465,True,-0.417853535,1
2015-03-05,1,finishing,Thursday,8,0.8,4.6,0.0,2640,0,0.0,0,0,22.0,0.980984848,True,0.18098484799999992,4
2015-03-05,1,finishing,Thursday,2,0.6,3.9,0.0,960,0,0.0,0,0,8.0,0.950625,True,0.3506250000000001,4
2015-03-05,1,finishing,Thursday,11,0.8,2.9,0.0,1200,0,0.0,0,0,10.0,0.927291667,True,0.12729166699999994,4
2015-03-05,1,finishing,Thursday,12,0.8,4.6,0.0,1080,0,0.0,0,0,9.0,0.868888889,True,0.06888888900000001,3
2015-03-05,1,finishing,Thursday,1,0.7,3.94,0.0,960,0,0.0,0,0,8.0,0.812625,True,0.11262500000000009,3
2015-03-05,1,finishing,Thursday,4,0.7,3.94,0.0,960,0,0.0,0,0,8.0,0.812625,True,0.11262500000000009,3
2015-03-05,1,finishing,Thursday,3,0.8,4.6,0.0,1800,0,0.0,0,0,15.0,0.810111111,True,0.01011111099999995,3
2015-03-05,1,sewing,Thursday,11,0.8,11.41,455.0,3420,50,0.0,0,0,56.0,0.800701754,True,0.0007017539999999434,3
2015-03-05,1,sewing,Thursday,3,0.8,29.4,797.0,1800,63,0.0,0,0,57.0,0.800534979,True,0.000534978999999991,3
2015-03-05,1,sewing,Thursday,12,0.8,15.26,959.0,4080,50,0.0,0,0,34.0,0.800401961,True,0.00040196100000000623,3
2015-03-05,1,sewing,Thursday,1,0.7,26.82,1373.0,6960,50,0.0,0,0,58.0,0.750651724,True,0.050651724000000065,2
2015-03-05,1,sewing,Thursday,9,0.75,18.79,1228.0,6240,45,0.0,0,0,52.0,0.750395513,True,0.0003955129999999585,2
2015-03-05,1,sewing,Thursday,4,0.7,26.82,1117.0,7080,50,0.0,0,0,59.0,0.750050847,True,0.050050847000000065,2
2015-03-05,1,sewing,Thursday,5,0.7,27.48,230.0,6960,40,0.0,0,0,58.0,0.700424138,True,0.00042413800000007384,2
2015-03-05,1,sewing,Thursday,10,0.7,21.82,1390.0,6000,30,0.0,0,0,50.0,0.700422,True,0.00042200000000003346,2
2015-03-05,1,sewing,Thursday,2,0.6,15.28,529.0,1320,0,0.0,0,1,46.0,0.600099145,True,9.914499999996718e-05,1
2015-03-05,1,finishing,Thursday,9,0.75,2.9,0.0,960,0,0.0,0,0,8.0,0.453125,True,-0.296875,1
2015-03-05,1,sewing,Thursday,7,0.8,30.1,834.0,1200,0,4.0,40,0,59.0,0.366053523,True,-0.43394647700000005,1
2015-03-05,1,sewing,Thursday,6,0.35,22.53,1450.0,2640,0,0.0,0,1,39.0,0.26369382,True,-0.08630617999999995,1
2015-03-07,1,finishing,Saturday,12,0.8,4.6,0.0,1080,0,0.0,0,0,9.0,0.868888889,True,0.06888888900000001,3
2015-03-07,1,sewing,Saturday,12,0.8,15.26,986.0,4080,75,0.0,0,0,34.0,0.850520588,True,0.05052058799999992,3
2015-03-07,1,sewing,Saturday,1,0.7,26.82,1267.0,8160,70,0.0,0,0,58.0,0.850045,True,0.1500450000000001,3
2015-03-07,1,finishing,Saturday,7,0.8,4.6,0.0,6000,0,0.0,0,0,25.0,0.825444444,True,0.02544444400000001,3
2015-03-07,1,finishing,Saturday,5,0.35,3.94,0.0,2400,0,0.0,0,0,10.0,0.80575,True,0.45575,3
2015-03-07,1,sewing,Saturday,4,0.7,26.82,1195.0,6960,60,0.0,0,0,58.0,0.800746552,True,0.10074655200000004,3
2015-03-07,1,sewing,Saturday,3,0.8,29.4,983.0,6840,63,0.0,0,1,57.0,0.800578947,True,0.0005789469999999408,3
2015-03-07,1,sewing,Saturday,11,0.8,11.41,471.0,3420,50,0.0,0,0,58.0,0.800034503,True,3.4502999999963535e-05,3
2015-03-07,1,finishing,Saturday,6,0.5,2.9,0.0,960,0,0.0,0,0,8.0,0.7975,True,0.2975,2
2015-03-07,1,sewing,Saturday,9,0.75,18.79,1226.0,3480,45,0.0,0,0,51.0,0.749987124,True,-1.2875999999995003e-05,2
2015-03-07,1,sewing,Saturday,10,0.7,21.82,1251.0,6000,30,0.0,0,0,50.0,0.700422,True,0.00042200000000003346,2
2015-03-07,1,finishing,Saturday,1,0.7,3.94,0.0,960,0,0.0,0,0,8.0,0.664875,True,-0.03512499999999996,1
2015-03-07,1,finishing,Saturday,4,0.7,3.94,0.0,960,0,0.0,0,0,8.0,0.664875,True,-0.03512499999999996,1
2015-03-07,1,finishing,Saturday,11,0.8,2.9,0.0,960,0,0.0,0,0,8.0,0.657083333,True,-0.14291666700000005,1
2015-03-07,1,sewing,Saturday,2,0.65,16.1,626.0,4200,0,0.0,0,1,45.0,0.65024031,True,0.00024031000000002134,1
2015-03-07,1,finishing,Saturday,8,0.8,4.6,0.0,3600,0,0.0,0,0,15.0,0.590740741,True,-0.2092592590000001,1
2015-03-07,1,finishing,Saturday,2,0.65,3.9,0.0,1920,0,0.0,0,0,8.0,0.528125,True,-0.12187500000000007,1
2015-03-07,1,sewing,Saturday,6,0.5,23.41,1379.0,2280,0,0.0,0,1,39.0,0.500528095,True,0.0005280949999999507,1
2015-03-07,1,sewing,Saturday,5,0.7,27.48,541.0,6960,24,0.0,0,1,58.0,0.408960345,True,-0.29103965499999995,1
2015-03-08,2,finishing,Sunday,3,0.8,4.6,0.0,1440,0,0.0,0,0,12.0,0.951944444,True,0.15194444399999996,4
2015-03-08,2,finishing,Sunday,12,0.8,4.6,0.0,1080,0,0.0,0,0,9.0,0.945555556,True,0.14555555599999992,4
2015-03-08,2,finishing,Sunday,9,0.75,2.9,0.0,1080,0,0.0,0,0,9.0,0.929074074,True,0.17907407399999997,4
2015-03-08,2,finishing,Sunday,1,0.75,3.94,0.0,960,0,0.0,0,0,8.0,0.890604167,True,0.140604167,3
2015-03-08,2,finishing,Sunday,4,0.75,3.94,0.0,960,0,0.0,0,0,8.0,0.890604167,True,0.140604167,3
2015-03-08,2,finishing,Sunday,2,0.7,3.9,0.0,1200,0,0.0,0,0,10.0,0.884,True,0.18400000000000005,3
2015-03-08,2,finishing,Sunday,5,0.5,3.94,0.0,960,0,0.0,0,0,8.0,0.857916667,True,0.357916667,3
2015-03-08,2,sewing,Sunday,4,0.75,26.82,1082.0,6840,65,0.0,0,0,57.0,0.850084211,True,0.10008421099999998,3
2015-03-08,2,sewing,Sunday,1,0.75,26.82,1254.0,6960,65,0.0,0,0,58.0,0.85007069,True,0.10007069000000002,3
2015-03-08,2,sewing,Sunday,3,0.8,30.1,1278.0,3360,50,0.0,0,1,57.0,0.800511068,True,0.0005110680000000034,3
2015-03-08,2,sewing,Sunday,12,0.8,15.26,1064.0,4080,63,0.0,0,0,34.0,0.800401961,True,0.00040196100000000623,3
2015-03-08,2,sewing,Sunday,11,0.8,11.41,313.0,3420,50,0.0,0,0,58.0,0.800034503,True,3.4502999999963535e-05,3
2015-03-08,2,finishing,Sunday,11,0.8,2.9,0.0,960,0,0.0,0,0,8.0,0.755208333,True,-0.044791667000000035,2
2015-03-08,2,sewing,Sunday,9,0.75,18.79,1239.0,5640,45,0.0,0,0,52.0,0.750371895,True,0.00037189500000001097,2
2015-03-08,2,sewing,Sunday,10,0.7,21.82,1335.0,6000,30,0.0,0,0,50.0,0.700422,True,0.00042200000000003346,2
2015-03-08,2,sewing,Sunday,2,0.7,16.1,928.0,4800,30,0.0,0,1,45.0,0.700106061,True,0.00010606099999999063,2
2015-03-08,2,sewing,Sunday,6,0.6,23.41,1266.0,2520,23,0.0,0,1,38.0,0.601037091,True,0.0010370910000000455,1
2015-03-08,2,sewing,Sunday,8,0.6,30.48,869.0,6720,0,0.0,0,1,56.0,0.600528571,True,0.0005285710000000332,1
2015-03-08,2,sewing,Sunday,5,0.5,26.82,711.0,7080,23,0.0,0,1,59.0,0.500033898,True,3.389799999997667e-05,1
2015-03-08,2,finishing,Sunday,8,0.6,3.9,0.0,960,0,0.0,0,0,8.0,0.4509375,True,-0.1490625,1
2015-03-08,2,finishing,Sunday,10,0.7,2.9,0.0,960,0,0.0,0,0,8.0,0.441041667,True,-0.25895833299999993,1
2015-03-08,2,finishing,Sunday,6,0.6,2.9,0.0,960,0,0.0,0,0,8.0,0.271875,True,-0.328125,1
2015-03-09,2,finishing,Monday,11,0.8,2.9,0.0,0,0,0.0,0,0,8.0,0.960625,False,0.1606249999999999,4
2015-03-09,2,finishing,Monday,12,0.8,4.6,0.0,0,0,0.0,0,0,9.0,0.902962963,False,0.10296296299999996,4
2015-03-09,2,finishing,Monday,5,0.6,3.94,0.0,0,0,0.0,0,0,12.0,0.864342593,False,0.26434259300000007,3
2015-03-09,2,sewing,Monday,4,0.75,26.82,1079.0,7020,65,0.0,0,0,58.0,0.850446154,True,0.10044615400000001,3
2015-03-09,2,sewing,Monday,1,0.75,26.82,1322.0,7140,65,0.0,0,0,59.0,0.850426891,True,0.10042689100000002,3
2015-03-09,2,finishing,Monday,9,0.75,2.9,0.0,0,0,0.0,0,0,15.0,0.841,False,0.09099999999999997,3
2015-03-09,2,sewing,Monday,3,0.8,30.1,964.0,5160,50,0.0,0,1,58.0,0.800842424,True,0.0008424240000000083,3
2015-03-09,2,sewing,Monday,12,0.8,15.26,1132.0,4080,63,0.0,0,0,34.0,0.800401961,True,0.00040196100000000623,3
2015-03-09,2,sewing,Monday,11,0.8,11.41,357.0,3420,50,0.0,0,0,58.0,0.800034503,True,3.4502999999963535e-05,3
2015-03-09,2,finishing,Monday,3,0.8,4.6,0.0,0,0,0.0,0,0,12.0,0.795416667,False,-0.004583333000000023,2
2015-03-09,2,finishing,Monday,4,0.75,3.94,0.0,0,0,0.0,0,0,8.0,0.7953875,False,0.045387500000000025,2
2015-03-09,2,finishing,Monday,1,0.75,3.94,0.0,0,0,0.0,0,0,8.0,0.794566667,False,0.044566667000000004,2
2015-03-09,2,sewing,Monday,9,0.75,18.79,1193.0,6240,45,0.0,0,0,52.0,0.750395513,True,0.0003955129999999585,2
2015-03-09,2,sewing,Monday,2,0.7,16.1,817.0,5520,30,0.0,0,1,45.0,0.700516224,True,0.0005162240000000651,2
2015-03-09,2,sewing,Monday,10,0.7,21.82,1576.0,6000,30,0.0,0,0,50.0,0.700422,True,0.00042200000000003346,2
2015-03-09,2,finishing,Monday,2,0.7,3.9,0.0,0,0,0.0,0,0,10.0,0.6825,False,-0.01749999999999996,1
2015-03-09,2,sewing,Monday,6,0.65,23.41,1262.0,4560,35,0.0,0,1,38.0,0.650962281,True,0.0009622809999999538,1
2015-03-09,2,sewing,Monday,8,0.65,30.48,953.0,6720,26,0.0,0,1,56.0,0.650421429,True,0.0004214289999999732,1
2015-03-09,2,sewing,Monday,5,0.6,26.82,919.0,7080,23,0.0,0,1,59.0,0.600040678,True,4.067800000007171e-05,1
2015-03-09,2,sewing,Monday,7,0.5,30.48,1161.0,6600,0,0.0,0,1,55.0,0.500610909,True,0.0006109090000000483,1
2015-03-09,2,finishing,Monday,10,0.7,2.9,0.0,0,0,0.0,0,0,8.0,0.477291667,False,-0.22270833299999998,1
2015-03-09,2,finishing,Monday,8,0.65,3.9,0.0,0,0,0.0,0,0,8.0,0.2640625,False,-0.38593750000000004,1
2015-03-10,2,finishing,Tuesday,12,0.8,4.6,0.0,1080,0,0.0,0,0,9.0,0.92,True,0.12,4
2015-03-10,2,finishing,Tuesday,5,0.6,3.94,0.0,1440,0,0.0,0,0,12.0,0.909391667,True,0.309391667,4
2015-03-10,2,sewing,Tuesday,1,0.75,26.82,1574.0,7080,75,0.0,0,0,59.0,0.900061017,True,0.15006101699999996,4
2015-03-10,2,finishing,Tuesday,3,0.8,4.6,0.0,1440,0,0.0,0,0,12.0,0.894444444,True,0.09444444399999996,3
2015-03-10,2,finishing,Tuesday,4,0.75,3.94,0.0,960,0,0.0,0,0,8.0,0.881575,True,0.131575,3
2015-03-10,2,finishing,Tuesday,1,0.75,3.94,0.0,960,0,0.0,0,0,8.0,0.880754167,True,0.13075416699999998,3
2015-03-10,2,sewing,Tuesday,4,0.75,26.82,1104.0,5880,65,0.0,0,0,59.0,0.850084211,True,0.10008421099999998,3
2015-03-10,2,finishing,Tuesday,9,0.75,2.9,0.0,1800,0,0.0,0,0,15.0,0.821666667,True,0.07166666700000002,3
2015-03-10,2,sewing,Tuesday,12,0.8,15.26,1069.0,4080,63,0.0,0,0,34.0,0.800401961,True,0.00040196100000000623,3
2015-03-10,2,sewing,Tuesday,3,0.8,30.1,756.0,6960,63,0.0,0,1,58.0,0.800071839,True,7.183899999996246e-05,3
2015-03-10,2,sewing,Tuesday,11,0.8,11.41,338.0,3420,50,0.0,0,0,58.0,0.800034503,True,3.4502999999963535e-05,3
2015-03-10,2,finishing,Tuesday,11,0.8,2.9,0.0,960,0,0.0,0,0,8.0,0.758229167,True,-0.04177083300000006,2
2015-03-10,2,sewing,Tuesday,10,0.75,21.82,1499.0,6000,34,0.0,0,0,50.0,0.750608,True,0.0006080000000000529,2
2015-03-10,2,sewing,Tuesday,9,0.75,18.79,1247.0,6240,45,0.0,0,0,52.0,0.750395513,True,0.0003955129999999585,2
2015-03-10,2,finishing,Tuesday,2,0.7,3.9,0.0,960,0,0.0,0,0,8.0,0.741,True,0.041000000000000036,2
2015-03-10,2,sewing,Tuesday,8,0.7,30.48,923.0,6840,30,0.0,0,1,57.0,0.700505263,True,0.0005052630000000891,2
2015-03-10,2,sewing,Tuesday,6,0.7,23.41,1180.0,4560,30,0.0,0,1,38.0,0.700246491,True,0.00024649100000007085,2
2015-03-10,2,sewing,Tuesday,2,0.7,16.1,957.0,5400,40,0.0,0,1,45.0,0.700051852,True,5.185200000001888e-05,2
2015-03-10,2,sewing,Tuesday,5,0.65,26.82,1001.0,7080,26,0.0,0,1,59.0,0.650044068,True,4.406800000000821e-05,1
2015-03-10,2,sewing,Tuesday,7,0.6,30.48,1017.0,6840,25,0.0,0,1,57.0,0.630402924,True,0.030402923999999998,1
2015-03-10,2,finishing,Tuesday,8,0.65,3.9,0.0,960,0,0.0,0,0,8.0,0.560625,True,-0.08937499999999998,1
2015-03-10,2,finishing,Tuesday,7,0.5,3.9,0.0,960,0,0.0,0,0,8.0,0.560625,True,0.06062500000000004,1
2015-03-10,2,finishing,Tuesday,10,0.7,2.9,0.0,960,0,0.0,0,0,8.0,0.39875,True,-0.30124999999999996,1
2015-03-11,2,finishing,Wednesday,12,0.8,4.6,0.0,2160,0,0.0,0,0,9.0,0.922839506,True,0.12283950599999993,4
2015-03-11,2,finishing,Wednesday,11,0.8,2.9,0.0,2400,0,0.0,0,0,10.0,0.874027778,True,0.07402777799999993,3
2015-03-11,2,finishing,Wednesday,2,0.75,3.9,0.0,1920,0,0.0,0,0,8.0,0.819270833,True,0.06927083300000003,3
2015-03-11,2,finishing,Wednesday,4,0.75,3.94,0.0,1920,0,0.0,0,0,8.0,0.813309028,True,0.06330902800000004,3
2015-03-11,2,finishing,Wednesday,1,0.75,3.94,0.0,1920,0,0.0,0,0,8.0,0.812625,True,0.06262500000000004,3
2015-03-11,2,sewing,Wednesday,12,0.8,15.26,470.0,4080,63,0.0,0,0,34.0,0.800401961,True,0.00040196100000000623,3
2015-03-11,2,sewing,Wednesday,3,0.8,30.1,735.0,6960,63,0.0,0,1,58.0,0.800071839,True,7.183899999996246e-05,3
2015-03-11,2,sewing,Wednesday,11,0.8,11.41,560.0,3420,50,0.0,0,0,58.0,0.800034503,True,3.4502999999963535e-05,3
2015-03-11,2,finishing,Wednesday,3,0.8,4.6,0.0,1920,0,0.0,0,0,8.0,0.786631944,True,-0.013368056000000017,2
2015-03-11,2,finishing,Wednesday,5,0.7,3.94,0.0,1440,0,0.0,0,0,12.0,0.75885,True,0.05885000000000007,2
2015-03-11,2,sewing,Wednesday,10,0.75,21.82,1674.0,6000,34,0.0,0,0,50.0,0.750608,True,0.0006080000000000529,2
2015-03-11,2,sewing,Wednesday,9,0.75,18.79,290.0,5040,45,0.0,0,0,52.0,0.750347333,True,0.0003473330000000052,2
2015-03-11,2,sewing,Wednesday,2,0.75,16.1,971.0,5400,45,0.0,0,1,45.0,0.750140741,True,0.0001407410000000553,2
2015-03-11,2,sewing,Wednesday,1,0.75,26.82,1322.0,7080,45,0.0,0,0,59.0,0.750050847,True,5.0847000000020515e-05,2
2015-03-11,2,sewing,Wednesday,4,0.75,26.82,1054.0,7080,45,0.0,0,0,59.0,0.750050847,True,5.0847000000020515e-05,2
2015-03-11,2,sewing,Wednesday,5,0.7,26.82,992.0,6960,30,0.0,0,1,58.0,0.700556897,True,0.0005568970000000562,2
2015-03-11,2,sewing,Wednesday,8,0.7,30.48,914.0,6840,30,0.0,0,1,57.0,0.700505263,True,0.0005052630000000891,2
2015-03-11,2,sewing,Wednesday,6,0.7,23.41,1128.0,4560,40,0.0,0,1,38.0,0.700246491,True,0.00024649100000007085,2
2015-03-11,2,sewing,Wednesday,7,0.65,30.48,935.0,6840,26,0.0,0,1,57.0,0.650596491,True,0.0005964910000000323,1
2015-03-11,2,finishing,Wednesday,10,0.75,2.9,0.0,960,0,0.0,0,0,8.0,0.628333333,True,-0.12166666699999995,1
2015-03-11,2,finishing,Wednesday,8,0.7,3.9,0.0,960,0,0.0,0,0,8.0,0.625625,True,-0.07437499999999997,1
2015-03-11,2,finishing,Wednesday,7,0.65,3.9,0.0,960,0,0.0,0,0,8.0,0.625625,True,-0.024375000000000036,1
2015-03-11,2,finishing,Wednesday,9,0.75,2.9,0.0,1800,0,0.0,0,0,15.0,0.505888889,True,-0.24411111100000005,1
2015-03-11,2,finishing,Wednesday,6,0.7,2.9,0.0,720,0,0.0,0,0,6.0,0.394722222,True,-0.30527777799999994,1
